School Name,Roll/DENI Number,Experience,Event Start,Event End,School Name Clean,Year,county,DEIS (Y/N)
sn muire,17841R,Dream Space Academy for Primary,2018-09-03 10:00:00,03/09/2018 13:00,sn muire,2018,Wexford,Y
ballyshannon ns,15456E,Dream Space Academy for Primary,2018-09-04 14:00:00,04/09/2018 17:00,ballyshannon ns,2018,Kildare,N
colaiste muire crosshaven,62200H,Dream Space Academy for Post-Primary,2018-09-05 14:00:00,05/09/2018 17:00,colaiste muire crosshaven,2018,Cork,N
newport n.s.,19451O,Dream Space Academy for Primary,2018-09-06 10:00:00,06/09/2018 13:00,newport n.s.,2018,Mayo,Y
st roses ns,20010O,Dream Space Academy for Primary,2018-09-06 10:00:00,06/09/2018 13:00,st roses ns,2018,,
carrick on shannon community school,91496V,Dream Space Academy for Post-Primary,2018-09-06 14:00:00,06/09/2018 17:00,carrick on shannon community school,2018,,
st michaels community college,70860W,Dream Space Academy for Post-Primary,2018-09-07 14:00:00,07/09/2018 17:00,st michaels community college,2018,Clare,N
our lady of good counsel boys,19320W,Dream Space Academy for Primary,2018-09-10 10:00:00,10/09/2018 13:00,our lady of good counsel boys,2018,Dublin,N
holy child killiney,60250M,Dream Space Academy for Post-Primary,2018-09-10 14:00:00,10/09/2018 17:00,holy child killiney,2018,Dublin,N
intermediate school killorglin,V93NV09,Dream Space Academy for Post-Primary,2018-09-11 10:00:00,11/09/2018 13:00,intermediate school killorglin,2018,,
tyrrelstown etns,20201V,Dream Space Academy for Primary,2018-09-11 14:00:00,11/09/2018 17:00,tyrrelstown etns,2018,Dublin,N
scoil uí riada,19897I,Dream Space Academy for Primary,2018-09-12 14:00:00,12/09/2018 17:00,scoil uí riada,2018,Kildare,N
coláiste éamonn rís thomas street wexford,63640R,Dream Space Academy for Post-Primary,2018-09-13 14:00:00,13/09/2018 17:00,coláiste éamonn rís thomas street wexford,2018,,
st francis senior school,19668Q,Dream Space Academy for Primary,2018-09-14 10:00:00,14/09/2018 13:00,st francis senior school,2018,Dublin,Y
st. augustine’s ns clontuskert,17919F,Dream Space Academy for Primary,2018-09-17 10:00:00,17/09/2018 13:00,st. augustine’s ns clontuskert,2018,Galway,N
our lady queen of apostles n.s,19566I,Dream Space Academy for Primary,2018-09-18 14:00:00,18/09/2018 17:00,our lady queen of apostles n.s,2018,Dublin,Y
bunscoil loreto,16145P,Dream Space Academy for Primary,2018-09-19 10:00:00,19/09/2018 13:00,bunscoil loreto,2018,Wexford,N
carlanstown ns,18132Q,Dream Space Academy for Primary,2018-09-19 14:00:00,19/09/2018 17:00,carlanstown ns,2018,Meath,N
beneavin college,60511O,Dream Space Academy for Post-Primary,2018-09-20 10:00:00,20/09/2018 13:00,beneavin college,2018,Dublin,Y
colaiste lorcain,70670R,Dream Space Academy for Post-Primary,2018-09-20 14:00:00,20/09/2018 17:00,colaiste lorcain,2018,Kildare,N
glenstalabbey school,64150F,Dream Space Academy for Post-Primary,2018-09-21 14:00:00,21/09/2018 17:00,glenstalabbey school,2018,Limerick,N
scoil san treasa kilshanroe,18445O,Dream Space Academy for Primary,2018-09-24 10:00:00,24/09/2018 13:00,scoil san treasa kilshanroe,2018,Kildare,N
st damians ns,19943M,Dream Space Academy for Primary,2018-09-25 14:00:00,25/09/2018 17:00,st damians ns,2018,Dublin,N
scoil mhuire marino,17576B,Dream Space Academy for Primary,2018-09-28 10:00:00,28/09/2018 13:00,scoil mhuire marino,2018,Wicklow,N
st vincents secondary school,62590A,Dream Space Academy for Post-Primary,2018-10-02 10:00:00,02/10/2018 13:00,st vincents secondary school,2018,Cork,Y
cbs primary tralee,18247K,Dream Space Academy for Primary,2018-10-02 14:00:00,02/10/2018 17:00,cbs primary tralee,2018,Kerry,Y
presentation senior mullingar,18212O,Dream Space Academy for Primary,2018-10-03 10:00:00,03/10/2018 13:00,presentation senior mullingar,2018,Westmeath,Y
the kings hospital,60272W,Dream Space Academy for Post-Primary,2018-10-03 14:00:00,03/10/2018 17:00,the kings hospital,2018,Dublin,N
gaelcholaiste cheitinn,72420E,Dream Space Academy for Post-Primary,2018-10-04 10:00:00,04/10/2018 13:00,gaelcholaiste cheitinn,2018,Tipperary,Y
scoil cholmcille blackstaff,18820O,Dream Space Academy for Primary,2018-10-05 10:00:00,05/10/2018 13:00,scoil cholmcille blackstaff,2018,Monaghan,Y
st. columba’s college,60320H,Dream Space Academy for Post-Primary,2018-10-09 10:00:00,09/10/2018 13:00,st. columba’s college,2018,Dublin,N
st marks cs,91332O,Dream Space Academy for Post-Primary,2018-10-16 10:00:00,16/10/2018 13:00,st marks cs,2018,Dublin,Y
colaiste de hide,70021D,Dream Space Academy for Post-Primary,2018-10-16 14:00:00,16/10/2018 17:00,colaiste de hide,2018,Dublin,Y
clooneyquinn ns,18027T,Dream Space Academy for Primary,2018-10-17 10:00:00,17/10/2018 13:00,clooneyquinn ns,2018,Roscommon,N
sacred heart primary school,18435L,Dream Space Academy for Primary,2018-10-17 14:00:00,17/10/2018 17:00,sacred heart primary school,2018,Tipperary,Y
mercy college coolock,60871V,Dream Space Academy for Post-Primary,2018-10-18 10:00:00,18/10/2018 13:00,mercy college coolock,2018,Dublin,Y
st cronan’s senior school,20469R,Dream Space Academy for Primary,2018-10-22 10:00:00,22/10/2018 13:00,st cronan’s senior school,2018,Wicklow,Y
nenagh college,72440K,Dream Space Academy for Post-Primary,2018-10-23 10:00:00,23/10/2018 13:00,nenagh college,2018,Tipperary,N
st. laurences n.s,09414C,Dream Space Academy for Primary,2018-10-23 14:00:00,23/10/2018 17:00,st. laurences n.s,2018,Kildare,N
rosary college,60841M,Dream Space Academy for Post-Primary,2018-10-24 14:00:00,24/10/2018 17:00,rosary college,2018,Dublin,Y
st.dominic’s college ballyfermot,60720A,Dream Space Academy for Post-Primary,2018-10-29 10:00:00,29/10/2018 13:00,st.dominic’s college ballyfermot,2018,Dublin,Y
mercy secondary school ballymahon,60872A,Dream Space Academy for Post-Primary,2018-10-29 14:00:00,29/10/2018 17:00,mercy secondary school ballymahon,2018,Dublin,Y
o carolan college nobber,71980O,Dream Space Academy for Post-Primary,2018-11-05 10:00:00,05/11/2018 13:00,o carolan college nobber,2018,Meath,Y
griffeen valley educate together,20166W,Dream Space Academy for Primary,2018-11-05 14:00:00,05/11/2018 17:00,griffeen valley educate together,2018,Dublin,N
presentation college bray,60792C,Dream Space Academy for Post-Primary,2018-11-06 10:00:00,06/11/2018 13:00,presentation college bray,2018,Dublin,Y
coláiste iósaef,76070A,Dream Space Academy for Post-Primary,2018-11-06 14:00:00,06/11/2018 17:00,coláiste iósaef,2018,Limerick,Y
colaiste na mi,76173K,Dream Space Academy for Post-Primary,2018-11-07 10:00:00,07/11/2018 13:00,colaiste na mi,2018,Meath,N
st. gerards junior school,61811I,Dream Space Academy for Primary,2018-11-07 14:00:00,07/11/2018 17:00,st. gerards junior school,2018,Wicklow,N
st peters college dunboyne,71950F,Dream Space Academy for Post-Primary,2018-11-08 10:00:00,08/11/2018 13:00,st peters college dunboyne,2018,,
spoil phadraig naofa,16705E,Dream Space Academy for Primary,2018-11-09 10:00:00,09/11/2018 13:00,spoil phadraig naofa,2018,Kildare,Y
mount sion primary,19947U,Dream Space Academy for Primary,2018-11-13 14:00:00,13/11/2018 17:00,mount sion primary,2018,Waterford,Y
s.n. iorball sionnaigh,16923O,Dream Space Academy for Primary,2018-11-14 10:00:00,14/11/2018 13:00,s.n. iorball sionnaigh,2018,Monaghan,N
killinarden community school,91337B,Dream Space Academy for Post-Primary,2018-11-15 14:00:00,15/11/2018 17:00,killinarden community school,2018,Dublin,Y
gallen c s,91515W,Dream Space Academy for Post-Primary,2018-11-16 14:00:00,16/11/2018 17:00,gallen c s,2018,Offaly,N
marian college,60500J,Dream Space Academy for Post-Primary,2018-11-21 10:00:00,21/11/2018 13:00,marian college,2018,Dublin,Y
coláiste mhuirlinne/merlin college,76096S,Dream Space Academy for Post-Primary,2018-11-21 14:00:00,21/11/2018 17:00,coláiste mhuirlinne/merlin college,2018,Galway,Y
coláiste chill mhantáin,76099B,Dream Space Academy for Post-Primary,2018-11-23 10:00:00,23/11/2018 13:00,coláiste chill mhantáin,2018,Wicklow,Y
kildare town community school,91530S,Dream Space Academy for Post-Primary,2018-11-27 10:00:00,27/11/2018 13:00,kildare town community school,2018,Kildare,N
gortnor abbey,64630T,Dream Space Academy for Post-Primary,2018-11-27 14:00:00,27/11/2018 17:00,gortnor abbey,2018,,
st marys cbs enniscorthy,63560T,Dream Space Academy for Post-Primary,2018-11-28 10:00:00,28/11/2018 13:00,st marys cbs enniscorthy,2018,,
scariff community college,70900I,Dream Space Academy for Post-Primary,2018-11-28 14:00:00,28/11/2018 17:00,scariff community college,2018,Clare,N
carnaross ns,16991I,Dream Space Academy for Primary,2018-11-30 10:00:00,30/11/2018 13:00,carnaross ns,2018,Meath,N
st cremins multyfarnham,19350I,Dream Space Academy for Primary,2018-11-30 14:00:00,30/11/2018 17:00,st cremins multyfarnham,2018,Westmeath,N
st. marys college dundalk,63890R,Dream Space Academy for Post-Primary,2018-12-04 10:00:00,04/12/2018 13:00,st. marys college dundalk,2018,Louth,N
st. josephs bns,63840C,Dream Space Academy for Primary,2018-12-05 10:00:00,05/12/2018 13:00,st. josephs bns,2018,Louth,N
castleknock educate together national school,20457K,Dream Space Academy for Primary,2018-12-06 10:00:00,06/12/2018 13:00,castleknock educate together national school,2018,Mayo,N
scoil mhuire beal átha n ghaorthaidh,0931T,Dream Space Academy for Post-Primary,2018-12-06 14:00:00,06/12/2018 17:00,scoil mhuire beal átha n ghaorthaidh,2018,,
court n.s,13335F,Dream Space Academy for Primary,2018-12-07 09:30:00,07/12/2018 12:30,court n.s,2018,Wexford,N
presentation college bray,60792C,Dream Space Academy for Post-Primary,2018-12-11 09:30:00,11/12/2018 12:30,presentation college bray,2018,Dublin,Y
firhouse educate together secondary school,68307J,Dream Space Academy for Post-Primary,2018-12-11 14:00:00,11/12/2018 17:00,firhouse educate together secondary school,2018,Dublin,N
carrigabruiuse national school,18857O,Dream Space Academy for Primary,2018-12-12 10:00:00,12/12/2018 13:00,carrigabruiuse national school,2018,Cavan,N
scoil iognaid,16910F,Dream Space Academy for Primary,2018-12-12 14:00:00,12/12/2018 17:00,scoil iognaid,2018,Limerick,Y
mount saint michaels,62470N,Dream Space Academy for Post-Primary,2018-12-13 11:00:00,13/12/2018 14:00,mount saint michaels,2018,Cork,N
st finian’s college mullingar,63280N,Dream Space Academy for Post-Primary,2018-12-17 10:00:00,17/12/2018 13:00,st finian’s college mullingar,2018,Westmeath,N
st. kilians german scxhool,60630W,Dream Space Academy for Primary,2018-12-17 14:00:00,17/12/2018 17:00,st. kilians german scxhool,2018,Dublin,N
st. brendans primary school,14556D,Dream Space Academy for Primary,2018-12-18 11:00:00,18/12/2018 14:00,st. brendans primary school,2018,Dublin,Y
drumbaragh ns,10801Q,Dream Space Academy for Primary,2018-12-19 09:30:00,19/12/2018 12:30,drumbaragh ns,2018,Meath,N
ballinteer educate together ns,20171P,Dream Space Academy for Primary,2018-12-20 09:30:00,20/12/2018 12:30,ballinteer educate together ns,2018,Louth,Y
castletroy college,76073G,Dream Space Academy for Post-Primary,2019-01-08 11:00:00,08/01/2019 14:00,castletroy college,2019,Limerick,N
scoil phadraic cailíní,18412W,Dream Space Academy for Primary,2019-01-09 09:30:00,09/01/2019 12:30,scoil phadraic cailíní,2019,Dublin,N
inver college,72180K,Dream Space Academy for Post-Primary,2019-01-09 14:00:00,09/01/2019 17:00,inver college,2019,Monaghan,Y
ardgillan college balbriggan,76129H,Dream Space Academy for Post-Primary,2019-01-10 09:30:00,10/01/2019 12:30,ardgillan college balbriggan,2019,Dublin,N
st.patricks classical school,64350N,Dream Space Academy for Post-Primary,2019-01-10 14:00:00,10/01/2019 17:00,st.patricks classical school,2019,Meath,N
st. patricks boys national school donabate co. dublin,16267G,Dream Space Academy for Primary,2019-01-14 10:00:00,14/01/2019 13:00,st. patricks boys national school donabate co. dublin,2019,Dublin,N
st andrew’s college,60650F,Dream Space Academy for Post-Primary,2019-01-14 14:00:00,14/01/2019 17:00,st andrew’s college,2019,Dublin,N
convent of mercy newport,16057S,Dream Space Academy for Primary,2019-01-18 11:00:00,18/01/2019 14:00,convent of mercy newport,2019,Cavan,Y
taney parish primary school,14917J,Dream Space Academy for Primary,2019-01-22 10:00:00,22/01/2019 13:00,taney parish primary school,2019,Dublin,N
colaiste pobail acla,76150V,Dream Space Academy for Post-Primary,2019-01-23 14:00:00,23/01/2019 17:00,colaiste pobail acla,2019,Mayo,Y
delgany national school,00373P,Dream Space Academy for Primary,2019-01-24 09:30:00,24/01/2019 12:30,delgany national school,2019,Monaghan,Y
st colmans,19798G,Dream Space Academy for Post-Primary,2019-01-25 10:00:00,25/01/2019 13:00,st colmans,2019,Mayo,Y
hollypark bns,19258U,Dream Space Academy for Primary,2019-01-29 11:00:00,29/01/2019 14:00,hollypark bns,2019,Dublin,N
booterstown ns,19901T,Dream Space Academy for Primary,2019-01-30 09:30:00,30/01/2019 12:30,booterstown ns,2019,Dublin,N
scoil mhuire moynalty,17213L,Dream Space Academy for Primary,2019-01-31 10:00:00,31/01/2019 13:00,scoil mhuire moynalty,2019,Meath,N
willow park junior school,60040B,Dream Space Academy for Primary,2019-02-05 10:00:00,05/02/2019 13:00,willow park junior school,2019,Dublin,N
coláiste mhuire coed,72490C,Dream Space Academy for Post-Primary,2019-02-07 10:00:00,07/02/2019 13:00,coláiste mhuire coed,2019,Tipperary,Y
kilcoole primary school,20346B,Dream Space Academy for Primary,2019-02-08 10:00:00,08/02/2019 13:00,kilcoole primary school,2019,Wicklow,N
st. aidans cbs,60481I,Dream Space Academy for Post-Primary,2019-02-11 10:00:00,11/02/2019 13:00,st. aidans cbs,2019,Dublin,N
st. patricks sns,12841P,Dream Space Academy for Primary,2019-02-12 14:00:00,12/02/2019 17:00,st. patricks sns,2019,Wexford,N
ardscoil rath iomghain,70730J,Dream Space Academy for Post-Primary,2019-02-13 10:00:00,13/02/2019 13:00,ardscoil rath iomghain,2019,Kildare,Y
coláiste ráithín,70821M,Dream Space Academy for Post-Primary,2019-02-14 10:00:00,14/02/2019 13:00,coláiste ráithín,2019,Wicklow,N
willow park,60040B,Dream Space Academy for Primary,2019-02-19 10:00:00,19/02/2019 13:00,willow park,2019,Dublin,N
willow park,60040B,Dream Space Academy for Primary,2019-02-20 10:00:00,20/02/2019 13:00,willow park,2019,Dublin,N
castleknock national school,06539H,Dream Space Academy for Primary,2019-02-26 14:00:00,26/02/2019 17:00,castleknock national school,2019,Limerick,N
nuns cross national school ashford,11649S,Dream Space Academy for Primary,2019-02-27 10:00:00,27/02/2019 13:00,nuns cross national school ashford,2019,Wicklow,N
rahugh ns,17882I,Dream Space Academy for Primary,2019-02-28 10:00:00,28/02/2019 13:00,rahugh ns,2019,Westmeath,N
mount sackville secondary school,60120W,Dream Space Academy for Post-Primary,2019-03-01 10:00:00,01/03/2019 13:00,mount sackville secondary school,2019,Dublin,N
inchicore ns,20139T,Dream Space Academy for Primary,2019-03-06 10:00:00,06/03/2019 13:00,inchicore ns,2019,Dublin,Y
st. brigids national school,10548H,Dream Space Academy for Primary,2019-03-06 14:00:00,06/03/2019 17:00,st. brigids national school,2019,Cork,N
rathmore n.s.,01415K,Dream Space Academy for Primary,2019-03-07 10:00:00,07/03/2019 13:00,rathmore n.s.,2019,Carlow,N
st.dominics college,60731F,Dream Space Academy for Post-Primary,2019-03-11 10:00:00,11/03/2019 13:00,st.dominics college,2019,Dublin,N
presentation college,60792C,Dream Space Academy for Post-Primary,2019-03-11 14:00:00,11/03/2019 17:00,presentation college,2019,Dublin,Y
scoil na naomh uilig,20271T,Dream Space Academy for Primary,2019-03-13 10:00:00,13/03/2019 13:00,scoil na naomh uilig,2019,Kildare,N
st attractas community school,91512Q,Dream Space Academy for Post-Primary,2019-03-13 14:00:00,13/03/2019 17:00,st attractas community school,2019,Sligo,N
gaelscoil eoghain uí thuairisc,19811S,Dream Space Academy for Primary,2019-03-14 11:00:00,14/03/2019 14:00,gaelscoil eoghain uí thuairisc,2019,Carlow,N
monkstown educate together,20060G,Dream Space Academy for Primary,2019-03-19 10:00:00,19/03/2019 13:00,monkstown educate together,2019,Dublin,N
monkstown educate together,20060G,Dream Space Academy for Primary,2019-03-20 10:00:00,20/03/2019 13:00,monkstown educate together,2019,Dublin,N
st. mocthas n.s.,20075T,Dream Space Academy for Primary,2019-03-20 14:00:00,20/03/2019 17:00,st. mocthas n.s.,2019,Clare,N
monkstown educate together,20060G,Dream Space Academy for Primary,2019-03-21 10:00:00,21/03/2019 13:00,monkstown educate together,2019,Dublin,N
colaiste eanna cbs,60342R,Dream Space Academy for Post-Primary,2019-03-21 14:00:00,21/03/2019 17:00,colaiste eanna cbs,2019,Dublin,N
our ladys secondary school,64570E,Dream Space Academy for Post-Primary,2019-03-22 10:00:00,22/03/2019 13:00,our ladys secondary school,2019,Mayo,Y
our ladys secondary school,65440T,Dream Space Academy for Post-Primary,2019-03-22 10:00:00,22/03/2019 13:00,our ladys secondary school,2019,Tipperary,N
st raphaelas secondary,60361V,Dream Space Academy for Post-Primary,2019-03-22 14:00:00,22/03/2019 17:00,st raphaelas secondary,2019,Dublin,N
de la salle college churchtown,60310E,Dream Space Academy for Post-Primary,2019-03-25 14:00:00,25/03/2019 17:00,de la salle college churchtown,2019,Dublin,N
tullow community school,91356F,Dream Space Academy for Post-Primary,2019-03-26 14:00:00,26/03/2019 17:00,tullow community school,2019,Carlow,N
st catherines senior girls school,17465P,Dream Space Academy for Primary,2019-03-27 10:00:00,27/03/2019 13:00,st catherines senior girls school,2019,Dublin,Y
colaiste chiarain,71840V,Dream Space Academy for Post-Primary,2019-03-27 14:00:00,27/03/2019 17:00,colaiste chiarain,2019,Limerick,Y
old bawn comminity school,91336W,Dream Space Academy for Post-Primary,2019-03-28 10:00:00,28/03/2019 13:00,old bawn comminity school,2019,Dublin,N
coola post primary,72310U,Dream Space Academy for Post-Primary,2019-03-29 11:00:00,29/03/2019 14:00,coola post primary,2019,Sligo,N
collinstown park community college,70041J,Dream Space Academy for Post-Primary,2019-04-02 10:00:00,02/04/2019 13:00,collinstown park community college,2019,Dublin,Y
queen of angels ps,19723V,Dream Space Academy for Primary,2019-04-02 14:00:00,02/04/2019 17:00,queen of angels ps,2019,Dublin,Y
canal way etns,20430N,Dream Space Academy for Primary,2019-04-03 10:00:00,03/04/2019 13:00,canal way etns,2019,Dublin,N
lehinch n.s,05120L,Dream Space Academy for Primary,2019-04-03 14:00:00,03/04/2019 17:00,lehinch n.s,2019,Mayo,Y
scoil mhuire gan smál,13404V,Dream Space Academy for Primary,2019-04-04 10:00:00,04/04/2019 13:00,scoil mhuire gan smál,2019,Tipperary,N
scoil mhuire gan smál,16749B,Dream Space Academy for Primary,2019-04-04 10:00:00,04/04/2019 13:00,scoil mhuire gan smál,2019,Louth,N
scoil mhuire gan smál,18070U,Dream Space Academy for Primary,2019-04-04 10:00:00,04/04/2019 13:00,scoil mhuire gan smál,2019,Mayo,N
tobar an léinn,16667W,Dream Space Academy for Primary,2019-04-04 14:00:00,04/04/2019 17:00,tobar an léinn,2019,Laois,N
holmpatrick national school,10014Q,Dream Space Academy for Primary,2019-04-05 10:00:00,05/04/2019 13:00,holmpatrick national school,2019,Kerry,N
scoil bhríde kilcullen,19675N,Dream Space Academy for Primary,2019-04-05 14:00:00,05/04/2019 17:00,scoil bhríde kilcullen,2019,Kildare,N
loreto college swords,60800V,Dream Space Academy for Post-Primary,2019-04-08 10:00:00,08/04/2019 13:00,loreto college swords,2019,Dublin,Y
our lady of mercy,12068D,Dream Space Academy for Post-Primary,2019-04-08 14:00:00,08/04/2019 17:00,our lady of mercy,2019,Meath,N
st annes ns,13198V,Dream Space Academy for Primary,2019-04-09 14:00:00,09/04/2019 17:00,st annes ns,2019,Roscommon,Y
colaiste phadraig lucan,60264A,Dream Space Academy for Post-Primary,2019-04-10 10:00:00,10/04/2019 13:00,colaiste phadraig lucan,2019,Dublin,N
scoil bhride kilcullen,19675N,Dream Space Academy for Primary,2019-04-10 14:00:00,10/04/2019 17:00,scoil bhride kilcullen,2019,Kildare,N
loreto college swords,60800V,Dream Space Academy for Post-Primary,2019-04-11 10:00:00,11/04/2019 13:00,loreto college swords,2019,Dublin,Y
colaiste mhuire,63270K,Dream Space Academy for Post-Primary,2019-04-30 10:00:00,30/04/2019 13:00,colaiste mhuire,2019,Westmeath,N
colaiste mhuire,71700F,Dream Space Academy for Post-Primary,2019-04-30 10:00:00,30/04/2019 13:00,colaiste mhuire,2019,Limerick,N
boyne cs,91508C,Dream Space Academy for Post-Primary,2019-05-02 14:00:00,02/05/2019 17:00,boyne cs,2019,Meath,Y
gaelscoil eiscir riada,20223I,Dream Space Academy for Primary,2019-05-08 10:00:00,08/05/2019 13:00,gaelscoil eiscir riada,2019,Dublin,N
canal way educate together national school,20430N,Dream Space Academy for Primary,2019-05-09 10:00:00,09/05/2019 13:00,canal way educate together national school,2019,Dublin,N
mount seskin community college,70141N,Dream Space Academy for Post-Primary,2019-05-09 14:00:00,09/05/2019 17:00,mount seskin community college,2019,Dublin,Y
collinstown park community college,70041J,Dream Space Academy for Post-Primary,2019-05-10 10:00:00,10/05/2019 13:00,collinstown park community college,2019,Dublin,Y
grange pps,15584N,Dream Space Academy for Post-Primary,2019-05-14 14:00:00,14/05/2019 17:00,grange pps,2019,Roscommon,N
avondale community college,70810H,Dream Space Academy for Post-Primary,2019-05-16 10:00:00,16/05/2019 13:00,avondale community college,2019,Wicklow,Y
rosemont school,60930L,Dream Space Academy for Post-Primary,2019-05-16 14:00:00,16/05/2019 17:00,rosemont school,2019,Dublin,N
our lady of the wayside,19764M,Dream Space Academy for Primary,2019-05-17 14:00:00,17/05/2019 17:00,our lady of the wayside,2019,Dublin,Y
st canices finglas,18683H,Dream Space Academy for Primary,2019-05-20 10:00:00,20/05/2019 13:00,st canices finglas,2019,Dublin,Y
presentation college headford co. galway,63040Q,Dream Space Academy for Post-Primary,2019-05-21 14:00:00,21/05/2019 17:00,presentation college headford co. galway,2019,,
coláiste bríde,60122D,Dream Space Academy for Post-Primary,2019-05-22 14:00:00,22/05/2019 17:00,coláiste bríde,2019,Dublin,N
st josephs p.s ballinrobe,20089H,Dream Space Academy for Primary,2019-05-23 10:00:00,23/05/2019 13:00,st josephs p.s ballinrobe,2019,Mayo,N
scoil chaitríona cailíní,20233L,Dream Space Academy for Primary,2019-05-23 14:00:00,23/05/2019 17:00,scoil chaitríona cailíní,2019,Limerick,Y
st josephs ps,16706G,Dream Space Academy for Primary,2019-05-24 10:00:00,24/05/2019 13:00,st josephs ps,2019,Kildare,N
st olafs ns,19319O,Dream Space Academy for Primary,2019-05-28 14:00:00,28/05/2019 17:00,st olafs ns,2019,Dublin,N
loreto secondary school kilkenny,60130C,Dream Space Academy for Post-Primary,2019-05-29 14:00:00,29/05/2019 17:00,loreto secondary school kilkenny,2019,Dublin,N
st. patricks n.s.,06998Q,Dream Space Academy for Primary,2019-05-30 10:00:00,30/05/2019 13:00,st. patricks n.s.,2019,Cavan,Y
terenure college,60570H,Dream Space Academy for Post-Primary,2019-05-30 14:00:00,30/05/2019 17:00,terenure college,2019,Dublin,N
terenure colleege,60570H,Dream Space Academy for Post-Primary,2019-05-31 14:00:00,31/05/2019 17:00,terenure colleege,2019,Dublin,N
colaiste muire,62200H,Dream Space Academy for Post-Primary,2019-06-03 14:00:00,03/06/2019 17:00,colaiste muire,2019,Cork,N
divine word ns,19574H,Dream Space Academy for Primary,2019-06-04 10:00:00,04/06/2019 13:00,divine word ns,2019,Dublin,N
eureka secondary school,64410F,Dream Space Academy for Post-Primary,2019-06-05 14:00:00,05/06/2019 17:00,eureka secondary school,2019,Meath,N
scoil mhuire gns,17686I,Dream Space Academy for Primary,2019-06-10 10:00:00,10/06/2019 13:00,scoil mhuire gns,2019,Monaghan,Y
moveen n.s.,13876Q,Dream Space Academy for Primary,2019-06-11 14:00:00,11/06/2019 17:00,moveen n.s.,2019,Clare,Y
scoil assaim bns,14409N,Dream Space Academy for Primary,2019-06-13 14:00:00,13/06/2019 17:00,scoil assaim bns,2019,Limerick,N
de la salle college belfast,60511O,Dream Space Academy for Post-Primary,2019-06-14 14:00:00,14/06/2019 17:00,de la salle college belfast,2019,Dublin,Y
howth primary school - scoil mhuire,18080A,Dream Space Academy for Primary,2019-06-18 14:00:00,18/06/2019 17:00,howth primary school - scoil mhuire,2019,Dublin,N
st cronans bns,19707A,Dream Space Academy for Primary,2019-06-19 10:00:00,19/06/2019 13:00,st cronans bns,2019,Dublin,Y
gaelscoil chaladh an treoigh,20148U,Dream Space Academy for Primary,2019-06-19 14:00:00,19/06/2019 17:00,gaelscoil chaladh an treoigh,2019,Limerick,N
gaelscoil chaladh an treoigh,20148U,Dream Space Academy for Primary,2019-06-20 14:00:00,20/06/2019 17:00,gaelscoil chaladh an treoigh,2019,Limerick,N
caherconlish ns,17487C,Dream Space Academy for Primary,2019-06-21 10:00:00,21/06/2019 13:00,caherconlish ns,2019,Limerick,N
edmund rice college,68264R,Dream Space Academy for Post-Primary,2019-06-21 14:00:00,21/06/2019 17:00,edmund rice college,2019,Cork,N
our ladys boys national schoo,17796P,Dream Space Academy for Primary,2019-06-24 10:00:00,24/06/2019 13:00,our ladys boys national schoo,2019,Carlow,N
belmayne educate together,20308Q,Dream Space Academy for Primary,2019-06-24 14:00:00,24/06/2019 17:00,belmayne educate together,2019,Dublin,Y
stepaside educate together,62841F,Dream Space Academy for Primary,2019-06-25 10:00:00,25/06/2019 13:00,stepaside educate together,2019,,
bunscoil mcauley rice,20255V,Dream Space Academy for Primary,2019-06-26 10:00:00,26/06/2019 13:00,bunscoil mcauley rice,2019,Kilkenny,N
st. pius x bns,19177U,Dream Space Academy for Primary,2019-06-27 10:00:00,27/06/2019 13:00,st. pius x bns,2019,Dublin,N
adamstown cc,76097U,Dream Space Academy for Post-Primary,2019-09-04 09:30:00,04/09/2019 12:30,adamstown cc,2019,Dublin,N
st caimins community school,91447I,Dream Space Academy for Post-Primary,2019-09-05 09:30:00,05/09/2019 12:30,st caimins community school,2019,Clare,N
strathearn school,1420089,Dream Space Academy for Post-Primary,2019-09-06 14:00:00,06/09/2019 17:00,strathearn school,2019,,
st gerards school,61811I,Dream Space Academy for Post-Primary,2019-09-09 14:00:00,09/09/2019 17:00,st gerards school,2019,Wicklow,N
gaelcholaiste reachrann,76085N,Dream Space Academy for Post-Primary,2019-09-10 09:30:00,10/09/2019 12:30,gaelcholaiste reachrann,2019,Dublin,N
kill of the grange,250,Dream Space Academy for Primary,2019-09-10 14:00:00,10/09/2019 17:00,kill of the grange,2019,,
divine word ns,19574H,Dream Space Academy for Primary,2019-09-11 09:30:00,11/09/2019 12:30,divine word ns,2019,Dublin,N
ranelagh multi-denominational school,19928Q,Dream Space Academy for Primary,2019-09-12 09:30:00,12/09/2019 12:30,ranelagh multi-denominational school,2019,Dublin,N
sacred heart of jesus ns,19755L,Dream Space Academy for Primary,2019-09-13 14:00:00,13/09/2019 17:00,sacred heart of jesus ns,2019,Dublin,N
avondale community college rathdrum co. wicklow,70810H,Dream Space Academy for Post-Primary,2019-09-16 09:30:00,16/09/2019 12:30,avondale community college rathdrum co. wicklow,2019,Wicklow,Y
abbey community college,76072E,Dream Space Academy for Post-Primary,2019-09-16 14:00:00,16/09/2019 17:00,abbey community college,2019,Roscommon,N
gaelcholáiste chiarraí,70560K,Dream Space Academy for Post-Primary,2019-09-17 09:30:00,17/09/2019 12:30,gaelcholáiste chiarraí,2019,Kerry,N
gaelcholáiste chiarraí,70560K,Dream Space Academy for Post-Primary,2019-09-17 14:00:00,17/09/2019 17:00,gaelcholáiste chiarraí,2019,Kerry,N
st. marys secondary school edenderry,65582Q,Dream Space Academy for Post-Primary,2019-09-20 09:30:00,20/09/2019 12:30,st. marys secondary school edenderry,2019,,
st ronans college,5420314,Dream Space Academy for Post-Primary,2019-09-20 14:00:00,20/09/2019 17:00,st ronans college,2019,,
avondale community college,70810H,Dream Space Academy for Post-Primary,2019-09-24 09:30:00,24/09/2019 12:30,avondale community college,2019,Wicklow,Y
st joseph of cluny secondary school co dublin,60260P,Dream Space Academy for Post-Primary,2019-09-24 14:00:00,24/09/2019 17:00,st joseph of cluny secondary school co dublin,2019,Dublin,N
scoil ui riada,19897I,Dream Space Academy for Primary,2019-09-27 09:30:00,27/09/2019 12:30,scoil ui riada,2019,Kildare,N
scoil chonaill,18219F,Dream Space Academy for Primary,2019-09-27 14:00:00,27/09/2019 17:00,scoil chonaill,2019,Donegal,Y
ofiaich college,71770D,Dream Space Academy for Post-Primary,2019-10-01 09:30:00,01/10/2019 12:30,ofiaich college,2019,Louth,Y
our lady of mercy,60991I,Dream Space Academy for Post-Primary,2019-10-01 14:00:00,01/10/2019 17:00,our lady of mercy,2019,Dublin,Y
st josephh of cluny secondary school co dublin,60260P,Dream Space Academy for Post-Primary,2019-10-02 14:00:00,02/10/2019 17:00,st josephh of cluny secondary school co dublin,2019,Dublin,N
luttrellstown cc,76130P,Dream Space Academy for Post-Primary,2019-10-04 09:30:00,04/10/2019 12:30,luttrellstown cc,2019,Dublin,N
st felims boys national school,17326B,Dream Space Academy for Primary,2019-10-04 14:00:00,04/10/2019 17:00,st felims boys national school,2019,Cavan,Y
pobalscoil neasáin,91342R,Dream Space Academy for Post-Primary,2019-10-08 09:30:00,08/10/2019 12:30,pobalscoil neasáin,2019,Dublin,N
temple carrig school,68081J,Dream Space Academy for Post-Primary,2019-10-08 14:00:00,08/10/2019 17:00,temple carrig school,2019,Wicklow,N
st. augustines ns clontuskert,17919F,Dream Space Academy for Primary,2019-10-09 09:30:00,09/10/2019 12:30,st. augustines ns clontuskert,2019,Galway,N
st killians college,71310P,Dream Space Academy for Post-Primary,2019-10-09 14:00:00,09/10/2019 17:00,st killians college,2019,Galway,N
scoil na naingeal naofa,15043C,Dream Space Academy for Primary,2019-10-11 09:30:00,11/10/2019 12:30,scoil na naingeal naofa,2019,Roscommon,N
manor house school,60300B,Dream Space Academy for Post-Primary,2019-10-14 09:30:00,14/10/2019 12:30,manor house school,2019,Dublin,N
presentation secondary clonmel,65340P,Dream Space Academy for Post-Primary,2019-10-14 14:00:00,14/10/2019 17:00,presentation secondary clonmel,2019,,
delgany n.s.,13679O,Dream Space Academy for Primary,2019-10-15 09:30:00,15/10/2019 12:30,delgany n.s.,2019,Wicklow,N
glenageary killiney ns,19400U,Dream Space Academy for Primary,2019-10-16 09:30:00,16/10/2019 12:30,glenageary killiney ns,2019,Dublin,N
scoil phadraig naofa,16080N,Dream Space Academy for Primary,2019-10-17 09:30:00,17/10/2019 12:30,scoil phadraig naofa,2019,Carlow,Y
scoil phadraig naofa,16080N,Dream Space Academy for Primary,2019-10-17 09:30:00,17/10/2019 12:30,scoil phadraig naofa,2019,Carlow,Y
scoil phadraig naofa,16080N,Dream Space Academy for Primary,2019-10-17 09:30:00,17/10/2019 12:30,scoil phadraig naofa,2019,Carlow,Y
grange post primary school,72330D,Dream Space Academy for Post-Primary,2019-10-17 14:00:00,17/10/2019 17:00,grange post primary school,2019,Sligo,N
blackstaff ns,18820O,Dream Space Academy for Primary,2019-10-22 09:30:00,22/10/2019 12:30,blackstaff ns,2019,Monaghan,Y
ballinamore community school,91519H,Dream Space Academy for Post-Primary,2019-10-24 14:00:00,24/10/2019 17:00,ballinamore community school,2019,Leitrim,N
st. marys secondary school,60021U,Dream Space Academy for Post-Primary,2019-10-25 09:30:00,25/10/2019 12:30,st. marys secondary school,2019,Dublin,N
st patricks classical school navan,64350N,Dream Space Academy for Post-Primary,2019-11-04 14:00:00,04/11/2019 17:00,st patricks classical school navan,2019,Meath,N
st michaels college,60561G,Dream Space Academy for Post-Primary,2019-11-05 14:00:00,05/11/2019 17:00,st michaels college,2019,Dublin,N
st gerards js,61811I,Dream Space Academy for Primary,2019-11-06 14:00:00,06/11/2019 17:00,st gerards js,2019,Wicklow,N
gaelscoil bhaile brigín,20252P,Dream Space Academy for Primary,2019-11-07 09:30:00,07/11/2019 12:30,gaelscoil bhaile brigín,2019,Dublin,N
st. clares primary school,16651H,Dream Space Academy for Primary,2019-11-07 14:00:00,07/11/2019 17:00,st. clares primary school,2019,Dublin,N
scoil oilibhéir naofa,176520,Dream Space Academy for Primary,2019-11-08 14:00:00,08/11/2019 17:00,scoil oilibhéir naofa,2019,,
st macdaras cc,70260V,Dream Space Academy for Post-Primary,2019-11-12 14:00:00,12/11/2019 17:00,st macdaras cc,2019,Dublin,N
firhouse educate together secondary school,68307J,Dream Space Academy for Post-Primary,2019-11-13 09:30:00,13/11/2019 12:30,firhouse educate together secondary school,2019,Dublin,N
gaelscoil moshíológ,20165U,Dream Space Academy for Primary,2019-11-14 09:30:00,14/11/2019 12:30,gaelscoil moshíológ,2019,Wexford,N
coláiste eoin,60041D,Dream Space Academy for Post-Primary,2019-11-15 09:30:00,15/11/2019 12:30,coláiste eoin,2019,Dublin,N
newpark comprehensive school,81001I,Dream Space Academy for Post-Primary,2019-11-15 14:00:00,15/11/2019 17:00,newpark comprehensive school,2019,Dublin,N
ardgillan community college,76129H,Dream Space Academy for Post-Primary,2019-11-19 09:30:00,19/11/2019 12:30,ardgillan community college,2019,Dublin,N
st. brigids bns,16352U,Dream Space Academy for Primary,2019-11-19 14:00:00,19/11/2019 17:00,st. brigids bns,2019,Dublin,N
kishoge community college,76152C,Dream Space Academy for Post-Primary,2019-11-20 09:30:00,20/11/2019 12:30,kishoge community college,2019,Dublin,N
thomond community college,76414G,Dream Space Academy for Post-Primary,2019-11-21 09:30:00,21/11/2019 12:30,thomond community college,2019,Limerick,Y
saint josephs,19913D,Dream Space Academy for Primary,2019-11-21 14:00:00,21/11/2019 17:00,saint josephs,2019,Dublin,Y
our ladys of wayside kilternan,18806U,Dream Space Academy for Primary,2019-11-25 09:30:00,25/11/2019 12:30,our ladys of wayside kilternan,2019,Dublin,N
loreto foxrock,60240J,Dream Space Academy for Post-Primary,2019-11-25 14:00:00,25/11/2019 17:00,loreto foxrock,2019,Dublin,N
banagher college,76105Q,Dream Space Academy for Post-Primary,2019-11-26 14:00:00,26/11/2019 17:00,banagher college,2019,Offaly,N
colaiste pobaill setanta,76098W,Dream Space Academy for Post-Primary,2019-11-28 14:00:00,28/11/2019 17:00,colaiste pobaill setanta,2019,Dublin,N
assumption secondary school,60851P,Dream Space Academy for Post-Primary,2019-11-29 14:00:00,29/11/2019 17:00,assumption secondary school,2019,Dublin,Y
griffith barracks multi denominational school,20012S,Dream Space Academy for Primary,2019-12-02 09:30:00,02/12/2019 12:30,griffith barracks multi denominational school,2019,Dublin,N
st patricks classical school navn,64350N,Dream Space Academy for Post-Primary,2019-12-02 14:00:00,02/12/2019 17:00,st patricks classical school navn,2019,Meath,N
scoil bhride athgarvan,13350B,Dream Space Academy for Primary,2019-12-05 09:30:00,05/12/2019 12:30,scoil bhride athgarvan,2019,Kildare,N
scoil santain,19646G,Dream Space Academy for Primary,2019-12-06 09:30:00,06/12/2019 12:30,scoil santain,2019,Dublin,Y
st. audoens,20104A,Dream Space Academy for Primary,2019-12-09 09:30:00,09/12/2019 12:30,st. audoens,2019,Dublin,Y
ennistymon vocational school,70840Q,Dream Space Academy for Post-Primary,2019-12-09 14:00:00,09/12/2019 17:00,ennistymon vocational school,2019,Clare,Y
our ladys school,60860Q,Dream Space Academy for Post-Primary,2019-12-10 09:30:00,10/12/2019 12:30,our ladys school,2019,Dublin,N
bailieborough community school,91351S,Dream Space Academy for Post-Primary,2019-12-10 14:00:00,10/12/2019 17:00,bailieborough community school,2019,Cavan,N
hartstown community school,91339F,Dream Space Academy for Post-Primary,2019-12-11 09:30:00,11/12/2019 12:30,hartstown community school,2019,Dublin,N
colaiste chiaran,71840V,Dream Space Academy for Post-Primary,2019-12-12 14:00:00,12/12/2019 17:00,colaiste chiaran,2019,Limerick,Y
scoil bhride athgarvan,13350B,Dream Space Academy for Primary,2019-12-13 09:30:00,13/12/2019 12:30,scoil bhride athgarvan,2019,Kildare,N
scoil namoh caoimhin,19465,Dream Space Academy for Primary,2019-12-16 09:30:00,16/12/2019 12:30,scoil namoh caoimhin,2019,,
belgrove sgns,17148D,Dream Space Academy for Primary,2019-12-17 09:30:00,17/12/2019 12:30,belgrove sgns,2019,Dublin,N
mount st michael,6462OQ,Dream Space Academy for Post-Primary,2019-12-17 14:00:00,17/12/2019 17:00,mount st michael,2019,,
stratford national school,16966J,Dream Space Academy for Primary,2019-12-18 14:00:00,18/12/2019 17:00,stratford national school,2019,Dublin,N
brierhill,17845C,Dream Space Academy for Primary,2019-12-19 14:00:00,19/12/2019 17:00,brierhill,2019,Galway,N
st. josephs national school,19938T,Dream Space Academy for Primary,2020-01-07 09:30:00,07/01/2020 12:30,st. josephs national school,2020,Dublin,Y
st. conleths college js,60590N,Dream Space Academy for Primary,2020-01-07 14:00:00,07/01/2020 17:00,st. conleths college js,2020,Dublin,N
st. farnans post primary school,70720G,Dream Space Academy for Post-Primary,2020-01-08 14:00:00,08/01/2020 17:00,st. farnans post primary school,2020,Kildare,Y
st raphaelas,60361V,Dream Space Academy for Post-Primary,2020-01-09 09:30:00,09/01/2020 12:30,st raphaelas,2020,Dublin,N
dominican college muckross park,60710U,Dream Space Academy for Post-Primary,2020-01-09 14:00:00,09/01/2020 17:00,dominican college muckross park,2020,Dublin,N
john scottus,68071G,Dream Space Academy for Post-Primary,2020-01-10 09:30:00,10/01/2020 12:30,john scottus,2020,Dublin,N
scoil naoimh éanna,05501A,Dream Space Academy for Primary,2020-01-14 14:00:00,14/01/2020 17:00,scoil naoimh éanna,2020,Monaghan,N
ardscoilnamara,68141B,Dream Space Academy for Post-Primary,2020-01-16 14:00:00,16/01/2020 17:00,ardscoilnamara,2020,Waterford,N
bunscoil na toirbhirte,16128P,Dream Space Academy for Primary,2020-01-17 14:00:00,17/01/2020 17:00,bunscoil na toirbhirte,2020,Cork,N
headfort school,136,Dream Space Academy for Primary,2020-01-20 14:00:00,20/01/2020 17:00,headfort school,2020,,
st. pius x gns,19178W,Dream Space Academy for Primary,2020-01-21 09:30:00,21/01/2020 12:30,st. pius x gns,2020,Dublin,N
springdale ns,18646B,Dream Space Academy for Primary,2020-01-21 14:00:00,21/01/2020 17:00,springdale ns,2020,Dublin,N
gaelscoil na gcloch liath,20301C,Dream Space Academy for Primary,2020-01-23 09:30:00,23/01/2020 12:30,gaelscoil na gcloch liath,2020,Wicklow,N
cistercian college,65410K,Dream Space Academy for Post-Primary,2020-01-23 14:00:00,23/01/2020 17:00,cistercian college,2020,Tipperary,N
our lady queen of peace,17737W,Dream Space Academy for Primary,2020-01-27 09:30:00,27/01/2020 12:30,our lady queen of peace,2020,Limerick,Y
corpus christi primary school,19830W,Dream Space Academy for Primary,2020-01-28 09:30:00,28/01/2020 12:30,corpus christi primary school,2020,Limerick,Y
thomond primary school,20460W,Dream Space Academy for Primary,2020-01-29 09:30:00,29/01/2020 12:30,thomond primary school,2020,Limerick,Y
presentation primary school,20018H,Dream Space Academy for Primary,2020-01-29 14:00:00,29/01/2020 17:00,presentation primary school,2020,Limerick,Y
presentation primary school,20018H,Dream Space Academy for Primary,2020-01-29 14:00:00,29/01/2020 17:00,presentation primary school,2020,Limerick,Y
presentation primary school,20018H,Dream Space Academy for Primary,2020-01-29 14:00:00,29/01/2020 17:00,presentation primary school,2020,Limerick,Y
presentation primary school,20018H,Dream Space Academy for Primary,2020-01-29 14:00:00,29/01/2020 17:00,presentation primary school,2020,Limerick,Y
presentation primary school,20018H,Dream Space Academy for Primary,2020-01-29 14:00:00,29/01/2020 17:00,presentation primary school,2020,Limerick,Y
presentation primary school,20018H,Dream Space Academy for Primary,2020-01-29 14:00:00,29/01/2020 17:00,presentation primary school,2020,Limerick,Y
presentation primary school,20018H,Dream Space Academy for Primary,2020-01-29 14:00:00,29/01/2020 17:00,presentation primary school,2020,Limerick,Y
presentation primary school,20018H,Dream Space Academy for Primary,2020-01-29 14:00:00,29/01/2020 17:00,presentation primary school,2020,Limerick,Y
st. munchins college,64240G,Dream Space Academy for Post-Primary,2020-01-30 14:00:00,30/01/2020 17:00,st. munchins college,2020,Limerick,N
st. johns girls national school,06936R,Dream Space Academy for Primary,2020-01-31 09:30:00,31/01/2020 12:30,st. johns girls national school,2020,Limerick,Y
st.patricks b.n.s (hollypark),19258U,Dream Space Academy for Primary,2020-02-04 09:30:00,04/02/2020 12:30,st.patricks b.n.s (hollypark),2020,Dublin,N
st marys secondary school,65400H,Dream Space Academy for Post-Primary,2020-02-05 14:00:00,05/02/2020 17:00,st marys secondary school,2020,,
st marys secondary school,65400H,Dream Space Academy for Post-Primary,2020-02-05 14:00:00,05/02/2020 17:00,st marys secondary school,2020,,
scoil chaitlín maude,19872P,Dream Space Academy for Primary,2020-02-06 09:30:00,06/02/2020 12:30,scoil chaitlín maude,2020,Dublin,Y
st. flannan’s college,61920N,Dream Space Academy for Post-Primary,2020-02-06 14:00:00,06/02/2020 17:00,st. flannan’s college,2020,Clare,N
glebe national school,14398L,Dream Space Academy for Primary,2020-02-07 09:30:00,07/02/2020 12:30,glebe national school,2020,Wicklow,N
scoil cholmcille termon,14194S,Dream Space Academy for Primary,2020-02-07 14:00:00,07/02/2020 17:00,scoil cholmcille termon,2020,Donegal,Y
st.patricks b.n.s (hollypark),19258U,Dream Space Academy for Primary,2020-02-11 09:30:00,11/02/2020 12:30,st.patricks b.n.s (hollypark),2020,Dublin,N
rathfarnham parish n.s,14939T,Dream Space Academy for Primary,2020-02-11 14:00:00,11/02/2020 17:00,rathfarnham parish n.s,2020,Dublin,N
scoil mhuire convent of mercy,64450R,Dream Space Academy for Post-Primary,2020-02-12 14:00:00,12/02/2020 17:00,scoil mhuire convent of mercy,2020,,
st. brigids gns the park,16353W,Dream Space Academy for Primary,2020-02-13 09:30:00,13/02/2020 12:30,st. brigids gns the park,2020,Dublin,N
our ladys grove,60891E,Dream Space Academy for Post-Primary,2020-02-13 14:00:00,13/02/2020 17:00,our ladys grove,2020,Dublin,N
st daighs n s,19251G,Dream Space Academy for Primary,2020-02-14 09:30:00,14/02/2020 12:30,st daighs n s,2020,Monaghan,N
our ladys secondary school templemore co. tipperary,65440T,Dream Space Academy for Post-Primary,2020-02-14 14:00:00,14/02/2020 17:00,our ladys secondary school templemore co. tipperary,2020,Tipperary,N
st canices gns,18683H,Dream Space Academy for Primary,2020-02-25 09:30:00,25/02/2020 12:30,st canices gns,2020,Dublin,Y
naas community college,76194S,Dream Space Academy for Post-Primary,2020-02-25 14:00:00,25/02/2020 17:00,naas community college,2020,Kildare,N
st. patricks ns,01309L,Dream Space Academy for Primary,2020-02-26 14:00:00,26/02/2020 17:00,st. patricks ns,2020,Meath,N
rockbrook,60321J,Dream Space Academy for Post-Primary,2020-02-27 09:30:00,27/02/2020 12:30,rockbrook,2020,Dublin,N
southern regional college,FURTHER ED,Dream Space Academy for Post-Primary,2020-02-27 14:00:00,27/02/2020 17:00,southern regional college,2020,,
two mile house national school,17968S,Dream Space Academy for Primary,2020-02-28 09:30:00,28/02/2020 12:30,two mile house national school,2020,Kildare,N
st conleth and marys primary school,17872F,Dream Space Academy for Primary,2020-03-03 09:30:00,03/03/2020 12:30,st conleth and marys primary school,2020,Kildare,N
st dominics college,60731F,Dream Space Academy for Post-Primary,2020-03-03 14:00:00,03/03/2020 17:00,st dominics college,2020,Dublin,N
fcj secondary school bunclody co. wexford,63550Q,Dream Space Academy for Post-Primary,2020-03-04 09:30:00,04/03/2020 12:30,fcj secondary school bunclody co. wexford,2020,Wexford,N
st. catherines senior school,17465P,Dream Space Academy for Primary,2020-03-04 14:00:00,04/03/2020 17:00,st. catherines senior school,2020,Dublin,Y
amandas,79018W,Dream Space Academy for Primary,2020-05-01 09:30:00,01/05/2020 12:30,amandas,2020,,
meanscoil gharman,68080H,Dream Space Academy for Post-Primary,2020-06-07 10:58:00,07/06/2020 10:59,meanscoil gharman,2020,Wexford,N
wilsons hospital school,63300Q,Dream Space Academy for Post-Primary,2020-06-07 11:31:00,07/06/2020 11:32,wilsons hospital school,2020,Westmeath,N
abbey community school,91517D,Dream Space Academy for Post-Primary,2020-06-07 12:59:00,07/06/2020 13:00,abbey community school,2020,Meath,N
scoil mochua,19794V,Dream Space Academy for Primary,2020-06-15 08:54:00,15/06/2020 08:55,scoil mochua,2020,Kildare,N
the old borough n.s.,12358M,Dream Space Academy for Primary,2020-06-18 18:57:00,18/06/2020 18:58,the old borough n.s.,2020,Dublin,N
castlerahan ns,19418Q,Dream Space Academy for Primary,2020-06-20 12:14:00,20/06/2020 12:15,castlerahan ns,2020,Cavan,N
kilternan church of ireland ns,16629O,Dream Space Academy for Primary,2020-06-21 13:50:00,21/06/2020 13:51,kilternan church of ireland ns,2020,Dublin,N
scoil dara,61691B,Dream Space Academy for Post-Primary,2020-06-26 11:14:00,26/06/2020 11:15,scoil dara,2020,Kildare,N
cross and passion college,3230227,Dream Space Academy for Post-Primary,2020-06-27 10:53:00,27/06/2020 10:54,cross and passion college,2020,,
holy trinity ns,20190T,Dream Space Academy for Primary,2020-07-04 20:28:00,04/07/2020 20:29,holy trinity ns,2020,Dublin,N
early learning initiative national college of ireland,0000,Dream Space Academy for Primary,2020-08-08 09:44:00,08/08/2020 09:45,early learning initiative national college of ireland,2020,,
john the baptist community school,91502N,Dream Space Academy for Post-Primary,2020-08-09 10:00:00,09/08/2020 10:01,john the baptist community school,2020,Limerick,N
larkin community college,76077O,Dream Space Academy for Post-Primary,2020-08-12 12:25:00,12/08/2020 12:26,larkin community college,2020,Dublin,Y
kildalkey n.s.,19813W,Dream Space Academy for Primary,2020-08-13 22:31:00,13/08/2020 22:32,kildalkey n.s.,2020,Meath,N
taney parish primary school,15284B,Dream Space Academy for Primary,2020-08-15 08:47:00,15/08/2020 08:48,taney parish primary school,2020,Dublin,N
st declans college,60491L,Dream Space Academy for Post-Primary,2020-08-19 09:41:00,19/08/2020 09:42,st declans college,2020,Dublin,N
pobalscoil chorca dhuibhne,91511O,Dream Space Academy for Post-Primary,2020-08-21 23:05:00,21/08/2020 23:06,pobalscoil chorca dhuibhne,2020,Kerry,N
maynooth bns,17341U,Dream Space Academy for Primary,2020-08-22 09:36:00,22/08/2020 09:37,maynooth bns,2020,Kildare,N
st marys bns,17341U,Dream Space Academy for Primary,2020-08-22 09:39:00,22/08/2020 09:40,st marys bns,2020,Kildare,N
donahies community school,91318U,Dream Space Academy for Post-Primary,2020-08-24 16:16:00,24/08/2020 16:17,donahies community school,2020,Dublin,Y
colaiste choilm cbs,60383I,Dream Space Academy for Post-Primary,2020-08-24 20:06:00,24/08/2020 20:07,colaiste choilm cbs,2020,Dublin,N
harold boys ns,1513,Dream Space Academy for Primary,2020-08-26 11:10:00,26/08/2020 11:11,harold boys ns,2020,,
dominican college,62990Q,Dream Space Academy for Post-Primary,2020-08-27 08:47:00,27/08/2020 08:48,dominican college,2020,,
st. davids cbs,60471F,Dream Space Academy for Post-Primary,2020-08-28 15:51:00,28/08/2020 15:52,st. davids cbs,2020,Dublin,Y
st. josephs primary school galbally,5036033,Dream Space Academy for Primary,2020-08-28 16:50:00,28/08/2020 16:51,st. josephs primary school galbally,2020,,
midleton college,62370J,Dream Space Academy for Post-Primary,2020-08-29 08:55:00,29/08/2020 08:56,midleton college,2020,Cork,N
skibbereen community school,91516B,Dream Space Academy for Post-Primary,2020-08-29 15:31:00,29/08/2020 15:32,skibbereen community school,2020,Cork,N
cbs james st.,60410I,Dream Space Academy for Post-Primary,2020-08-30 10:16:00,30/08/2020 10:17,cbs james st.,2020,Dublin,Y
kildare town educate together ns,20403K,Dream Space Academy for Primary,2020-08-30 12:19:00,30/08/2020 12:20,kildare town educate together ns,2020,Kildare,N
presentation senior school,18212O,Dream Space Academy for Primary,2020-09-02 16:07:00,02/09/2020 16:08,presentation senior school,2020,Westmeath,Y
prestation senior school,18212O,Dream Space Academy for Primary,2020-09-02 16:10:00,02/09/2020 16:11,prestation senior school,2020,Westmeath,Y
aquinas grammar school,71271,Dream Space Academy for Post-Primary,2020-09-05 11:22:00,05/09/2020 11:23,aquinas grammar school,2020,,
palmerstown community school,91302F,Dream Space Academy for Post-Primary,2020-09-07 10:26:00,07/09/2020 10:27,palmerstown community school,2020,Dublin,Y
dreamspace v e monday,23423423,Dream Space Academy for Primary,2020-09-07 12:30:00,07/09/2020 14:30,dreamspace v e monday,2020,,
12345,12345,Dream Space Academy for Post-Primary,2020-09-08 12:30:00,08/09/2020 14:30,12345,2020,,
dreamspace v e thursday,234234,Dream Space Academy for Post-Primary,2020-09-10 10:00:00,10/09/2020 12:00,dreamspace v e thursday,2020,,
corey trial,234567,Dream Space Academy for Primary,2020-09-11 10:00:00,11/09/2020 12:00,corey trial,2020,,
st. augustines n.s clontuskert,17919F,Dream Space Academy for Primary,2020-09-11 12:30:00,11/09/2020 14:30,st. augustines n.s clontuskert,2020,Galway,N
willow park junior school,012881651,Dream Space Academy for Primary,2020-09-11 21:47:00,11/09/2020 21:48,willow park junior school,2020,,
st. cremins n.s.,19350I,Dream Space Academy for Primary,2020-09-12 07:56:00,12/09/2020 07:57,st. cremins n.s.,2020,Westmeath,N
boyne community school,91508C,Dream Space Academy for Post-Primary,2020-09-12 09:36:00,12/09/2020 09:37,boyne community school,2020,Meath,Y
kennedy college,71660T,Dream Space Academy for Post-Primary,2020-09-12 12:09:00,12/09/2020 12:10,kennedy college,2020,Wexford,Y
st. furseys,17550G,Dream Space Academy for Primary,2020-09-15 10:00:00,15/09/2020 12:00,st. furseys,2020,Louth,N
st marks community school,91332O,Dream Space Academy for Post-Primary,2020-09-16 10:00:00,16/09/2020 12:00,st marks community school,2020,Dublin,Y
st. josephs grammar school,5420073,Dream Space Academy for Post-Primary,2020-09-16 13:23:00,16/09/2020 13:24,st. josephs grammar school,2020,,
st paul’s primary school navan,19671F,Dream Space Academy for Primary,2020-09-17 10:00:00,17/09/2020 12:00,st paul’s primary school navan,2020,Meath,N
st.peters primary bray,18464S,Dream Space Academy for Primary,2020-09-18 18:24:00,18/09/2020 18:25,st.peters primary bray,2020,Wicklow,Y
colaiste bhaile chlair,76233C,Dream Space Academy for Post-Primary,2020-09-19 13:07:00,19/09/2020 13:08,colaiste bhaile chlair,2020,Galway,N
scoil mhuire gransha,18482U,Dream Space Academy for Primary,2020-09-21 17:47:00,21/09/2020 17:48,scoil mhuire gransha,2020,Monaghan,Y
st philomenas ns,16928B,Dream Space Academy for Primary,2020-09-22 10:00:00,22/09/2020 12:00,st philomenas ns,2020,Offaly,Y
ard scoil na mara,68141B,Dream Space Academy for Post-Primary,2020-09-22 12:30:00,22/09/2020 14:30,ard scoil na mara,2020,Waterford,N
st olivers ns,02322I,Dream Space Academy for Primary,2020-09-23 07:32:00,23/09/2020 07:33,st olivers ns,2020,Louth,N
st olivers ns,02322I,Dream Space Academy for Primary,2020-09-23 07:32:00,23/09/2020 07:33,st olivers ns,2020,Louth,N
coláiste pobail osraí,70641K,Dream Space Academy for Post-Primary,2020-09-23 10:00:00,23/09/2020 12:00,coláiste pobail osraí,2020,Kilkenny,N
bremore educate together secondary schiol,68262N,Dream Space Academy for Post-Primary,2020-09-24 12:30:00,24/09/2020 14:30,bremore educate together secondary schiol,2020,Dublin,N
lucan educate together national school,20066S,Dream Space Academy for Primary,2020-09-24 16:41:00,24/09/2020 16:42,lucan educate together national school,2020,Dublin,N
galway educate together secondary school,68347V,Dream Space Academy for Post-Primary,2020-09-24 20:36:00,24/09/2020 20:37,galway educate together secondary school,2020,Galway,N
cbslucan,60264A,Dream Space Academy for Post-Primary,2020-09-24 21:22:00,24/09/2020 21:23,cbslucan,2020,Dublin,N
st annes sec school,65500L,Dream Space Academy for Post-Primary,2020-09-25 10:00:00,25/09/2020 12:00,st annes sec school,2020,Tipperary,N
creagh college,76127D,Dream Space Academy for Post-Primary,2020-09-25 10:40:00,25/09/2020 10:41,creagh college,2020,Wexford,N
monkstown et,20060G,Dream Space Academy for Primary,2020-09-28 10:00:00,28/09/2020 12:00,monkstown et,2020,Dublin,N
coola post primary school,72310U,Dream Space Academy for Post-Primary,2020-09-29 10:00:00,29/09/2020 12:00,coola post primary school,2020,Sligo,N
st. leos college,61140K,Dream Space Academy for Post-Primary,2020-09-29 12:30:00,29/09/2020 14:30,st. leos college,2020,Carlow,N
convent of mercy roscommon,65090S,Dream Space Academy for Post-Primary,2020-09-29 19:05:00,29/09/2020 19:06,convent of mercy roscommon,2020,Roscommon,N
st johns prep school,102065,Dream Space Academy for Primary,2020-09-30 09:40:00,30/09/2020 09:41,st johns prep school,2020,,
st andrews ns,12014D,Dream Space Academy for Primary,2020-10-01 10:00:00,01/10/2020 12:00,st andrews ns,2020,Dublin,N
rathgar junior school & kindergarten,D06 WC04,Dream Space Academy for Primary,2020-10-02 10:00:00,02/10/2020 12:00,rathgar junior school & kindergarten,2020,,
gorey community school,91492N,Dream Space Academy for Post-Primary,2020-10-02 12:30:00,02/10/2020 14:30,gorey community school,2020,Wexford,N
st. olafs ns,19319O,Dream Space Academy for Primary,2020-10-04 08:35:00,04/10/2020 08:36,st. olafs ns,2020,Dublin,N
st josephs college,65241N,Dream Space Academy for Post-Primary,2020-10-05 10:00:00,05/10/2020 12:00,st josephs college,2020,Tipperary,N
st josephs college,65241N,Dream Space Academy for Post-Primary,2020-10-05 10:00:00,05/10/2020 12:00,st josephs college,2020,Tipperary,N
de la salle college,60310E,Dream Space Academy for Post-Primary,2020-10-06 12:30:00,06/10/2020 14:30,de la salle college,2020,Dublin,N
st. canices bns,18682F,Dream Space Academy for Primary,2020-10-07 10:00:00,07/10/2020 12:00,st. canices bns,2020,Dublin,Y
gaelscoil de híde,20126K,Dream Space Academy for Primary,2020-10-07 12:30:00,07/10/2020 14:30,gaelscoil de híde,2020,Roscommon,N
caritas college,60732H,Dream Space Academy for Post-Primary,2020-10-08 10:00:00,08/10/2020 12:00,caritas college,2020,Dublin,Y
scoil na gceithre máistrí,19948W,Dream Space Academy for Primary,2020-10-16 12:30:00,16/10/2020 14:30,scoil na gceithre máistrí,2020,Westmeath,Y
scoil phroinsiais naofa,18406E,Dream Space Academy for Primary,2020-10-20 12:30:00,20/10/2020 14:30,scoil phroinsiais naofa,2020,Offaly,Y
killorglin community college,70460G,Dream Space Academy for Post-Primary,2020-10-22 10:00:00,22/10/2020 12:00,killorglin community college,2020,Kerry,Y
st peters college,71950F,Dream Space Academy for Post-Primary,2020-10-22 12:30:00,22/10/2020 14:30,st peters college,2020,,
hazelwood college,71850B,Dream Space Academy for Post-Primary,2020-10-23 12:30:00,23/10/2020 14:30,hazelwood college,2020,Limerick,N
inchicore ns,20139T,Dream Space Academy for Primary,2020-11-04 10:00:00,04/11/2020 12:00,inchicore ns,2020,Dublin,Y
rosemont school,60930L,Dream Space Academy for Post-Primary,2020-11-04 12:30:00,04/11/2020 14:30,rosemont school,2020,Dublin,N
st. brendans community school,91491L,Dream Space Academy for Post-Primary,2020-11-05 10:00:00,05/11/2020 12:00,st. brendans community school,2020,Offaly,Y
firhouse community college,70140L,Dream Space Academy for Post-Primary,2020-11-05 12:30:00,05/11/2020 14:30,firhouse community college,2020,Dublin,N
firhouse community college,70140L,Dream Space Academy for Post-Primary,2020-11-06 10:00:00,06/11/2020 12:00,firhouse community college,2020,Dublin,N
scoil mhuire ns,20492M,Dream Space Academy for Primary,2020-11-06 12:30:00,06/11/2020 14:30,scoil mhuire ns,2020,Kilkenny,Y
our lady of lourdes,07546J,Dream Space Academy for Primary,2020-11-09 10:00:00,09/11/2020 12:00,our lady of lourdes,2020,Dublin,Y
st attractas cs,91512Q,Dream Space Academy for Post-Primary,2020-11-11 10:00:00,11/11/2020 12:00,st attractas cs,2020,Sligo,N
gaelcholáiste reachrann,76085N,Dream Space Academy for Post-Primary,2020-11-11 12:30:00,11/11/2020 14:30,gaelcholáiste reachrann,2020,Dublin,N
scoil naomh padraig,19114T,Dream Space Academy for Primary,2020-11-12 10:00:00,12/11/2020 12:00,scoil naomh padraig,2020,Dublin,N
scoil naomh padraig,19114T,Dream Space Academy for Primary,2020-11-12 10:00:00,12/11/2020 12:00,scoil naomh padraig,2020,Dublin,N
scoil naomh padraig,19114T,Dream Space Academy for Primary,2020-11-12 10:00:00,12/11/2020 12:00,scoil naomh padraig,2020,Dublin,N
scoil naomh padraig,19114T,Dream Space Academy for Primary,2020-11-12 10:00:00,12/11/2020 12:00,scoil naomh padraig,2020,Dublin,N
holy family secondary school,61682A,Dream Space Academy for Post-Primary,2020-11-16 10:00:00,16/11/2020 12:00,holy family secondary school,2020,Kildare,N
colaiste fionnchua,70140M,Dream Space Academy for Post-Primary,2020-11-16 12:30:00,16/11/2020 14:30,colaiste fionnchua,2020,,
our lady of mercy ns,09161W,Dream Space Academy for Primary,2020-11-17 10:00:00,17/11/2020 12:00,our lady of mercy ns,2020,Cork,N
our lady of the wayside ns kilternan,18806U,Dream Space Academy for Primary,2020-11-17 12:30:00,17/11/2020 14:30,our lady of the wayside ns kilternan,2020,Dublin,N
ursuline college sligo,65180T,Dream Space Academy for Post-Primary,2020-11-18 10:00:00,18/11/2020 12:00,ursuline college sligo,2020,Sligo,N
sacred heart senior school,19543T,Dream Space Academy for Primary,2020-11-18 12:30:00,18/11/2020 14:30,sacred heart senior school,2020,Dublin,Y
skerries etns,20307O,Dream Space Academy for Primary,2020-11-19 10:00:00,19/11/2020 12:00,skerries etns,2020,Dublin,Y
st. conleths college,70680U,Dream Space Academy for Post-Primary,2020-11-19 12:30:00,19/11/2020 14:30,st. conleths college,2020,Kildare,Y
coill dubh ns,18096P,Dream Space Academy for Primary,2020-11-20 10:00:00,20/11/2020 12:00,coill dubh ns,2020,Kildare,N
temple carrig secondary school,68081J,Dream Space Academy for Post-Primary,2020-11-23 10:00:00,23/11/2020 12:00,temple carrig secondary school,2020,Wicklow,N
st louis sps,17210F,Dream Space Academy for Primary,2020-11-24 12:30:00,24/11/2020 14:30,st louis sps,2020,Dublin,N
st. laurences ns,19573F,Dream Space Academy for Primary,2020-11-25 10:00:00,25/11/2020 12:00,st. laurences ns,2020,Wicklow,N
victoria college preparatory school,1620264,Dream Space Academy for Primary,2020-11-25 12:30:00,25/11/2020 14:30,victoria college preparatory school,2020,,
shountrade national school,17068F,Dream Space Academy for Primary,2020-11-26 12:30:00,26/11/2020 14:30,shountrade national school,2020,Limerick,N
st colmans ns,17746A,Dream Space Academy for Primary,2020-11-27 12:30:00,27/11/2020 14:30,st colmans ns,2020,Offaly,N
st. oliver plunketts n.s.,19645E,Dream Space Academy for Primary,2020-11-30 10:00:00,30/11/2020 12:00,st. oliver plunketts n.s.,2020,Tipperary,Y
holy rosary college,63090I,Dream Space Academy for Post-Primary,2020-11-30 12:30:00,30/11/2020 14:30,holy rosary college,2020,Galway,N
benincasa special school,18863J,Dream Space Academy for Primary,2020-12-01 10:00:00,01/12/2020 12:00,benincasa special school,2020,,
scoil mhuire loughegar,18812P,Dream Space Academy for Primary,2020-12-01 12:30:00,01/12/2020 14:30,scoil mhuire loughegar,2020,Westmeath,N
saint oliver plunkett ns malahide,17914S,Dream Space Academy for Primary,2020-12-04 10:00:00,04/12/2020 12:00,saint oliver plunkett ns malahide,2020,Dublin,N
saint oliver plunkett ns malhide,17914S,Dream Space Academy for Primary,2020-12-04 12:30:00,04/12/2020 14:30,saint oliver plunkett ns malhide,2020,Dublin,N
st mochtas ns,18778S,Dream Space Academy for Primary,2020-12-07 10:00:00,07/12/2020 12:00,st mochtas ns,2020,Dublin,N
gaelscoil thomáis dáibhís,19886D,Dream Space Academy for Primary,2020-12-07 12:30:00,07/12/2020 14:30,gaelscoil thomáis dáibhís,2020,Cork,N
doora ns,18696Q,Dream Space Academy for Primary,2020-12-09 12:30:00,09/12/2020 14:30,doora ns,2020,Clare,N
colaiste dun an ri,76313A,Dream Space Academy for Post-Primary,2020-12-10 10:00:00,10/12/2020 12:00,colaiste dun an ri,2020,Cavan,N
breifne college cavan,70380I,Dream Space Academy for Post-Primary,2020-12-10 12:30:00,10/12/2020 14:30,breifne college cavan,2020,Cavan,Y
urlingford ns,19930D,Dream Space Academy for Primary,2020-12-11 10:00:00,11/12/2020 12:00,urlingford ns,2020,Kilkenny,Y
coláiste bhaile chláir,76233C,Dream Space Academy for Post-Primary,2020-12-11 12:30:00,11/12/2020 14:30,coláiste bhaile chláir,2020,Galway,N
coill dubh national school,18096P,Dream Space Academy for Primary,2020-12-14 10:00:00,14/12/2020 12:00,coill dubh national school,2020,Kildare,N
scoil ghormáin naofa castletown,17768K,Dream Space Academy for Primary,2020-12-14 12:30:00,14/12/2020 14:30,scoil ghormáin naofa castletown,2020,Wexford,N
st. augustines n.s. clontuskert,17919F,Dream Space Academy for Primary,2020-12-15 10:00:00,15/12/2020 12:00,st. augustines n.s. clontuskert,2020,Galway,N
scoil neasáin,19309L,Dream Space Academy for Primary,2020-12-15 12:30:00,15/12/2020 14:30,scoil neasáin,2020,Dublin,N
mercy secondary school mounthawk,68070E,Dream Space Academy for Post-Primary,2020-12-16 12:30:00,16/12/2020 14:30,mercy secondary school mounthawk,2020,Kerry,N
st. laurences ns,19573F,Dream Space Academy for Primary,2020-12-17 10:00:00,17/12/2020 12:00,st. laurences ns,2020,Wicklow,N
our lady of the wayside ns,18806U,Dream Space Academy for Primary,2020-12-18 10:00:00,18/12/2020 12:00,our lady of the wayside ns,2020,Dublin,N
firhouse educate together,68307J,Dream Space Academy for Post-Primary,2020-12-18 12:30:00,18/12/2020 14:30,firhouse educate together,2020,Dublin,N
ashbourne community school,91496T,Dream Space Academy for Post-Primary,2021-01-11 10:00:00,11/01/2021 12:00,ashbourne community school,2021,,
ó carolan college nobber,71980O,Dream Space Academy for Post-Primary,2021-01-11 12:30:00,11/01/2021 14:30,ó carolan college nobber,2021,Meath,Y
st brendans community school,91491L,Dream Space Academy for Post-Primary,2021-01-12 12:30:00,12/01/2021 14:30,st brendans community school,2021,Offaly,Y
coláiste dún iascaigh,76063D,Dream Space Academy for Post-Primary,2021-01-15 10:00:00,15/01/2021 12:00,coláiste dún iascaigh,2021,Tipperary,N
malahide/portmarnock educate together secondary school,68308L,Dream Space Academy for Post-Primary,2021-01-15 12:30:00,15/01/2021 14:30,malahide/portmarnock educate together secondary school,2021,Dublin,N
cbs secondary school new ross,63600F,Dream Space Academy for Post-Primary,2021-01-18 10:00:00,18/01/2021 12:00,cbs secondary school new ross,2021,,
pobalscoil inbhear sceine,91503P,Dream Space Academy for Post-Primary,2021-01-18 12:30:00,18/01/2021 14:30,pobalscoil inbhear sceine,2021,Kerry,N
moate community school,91501L,Dream Space Academy for Post-Primary,2021-01-19 10:00:00,19/01/2021 12:00,moate community school,2021,Westmeath,N
castleisland community college,70520V,Dream Space Academy for Post-Primary,2021-01-20 12:30:00,20/01/2021 14:30,castleisland community college,2021,Kerry,N
gaelscoil sheoirse clancy,19931F,Dream Space Academy for Primary,2021-01-21 11:11:00,21/01/2021 11:12,gaelscoil sheoirse clancy,2021,Limerick,Y
our lady of lourdes,19667O,Dream Space Academy for Primary,2021-01-21 12:29:00,21/01/2021 12:30,our lady of lourdes,2021,Limerick,Y
our ladys secondary school,6544OT,Dream Space Academy for Post-Primary,2021-01-25 10:00:00,25/01/2021 12:00,our ladys secondary school,2021,,
our ladys secondary school,6544OT,Dream Space Academy for Post-Primary,2021-01-25 10:00:00,25/01/2021 12:00,our ladys secondary school,2021,,
carrick-on-shannon community school,91496V,Dream Space Academy for Post-Primary,2021-01-25 12:30:00,25/01/2021 14:30,carrick-on-shannon community school,2021,,
mohill community college,76089V,Dream Space Academy for Post-Primary,2021-01-26 10:00:00,26/01/2021 12:00,mohill community college,2021,Leitrim,N
blakestown community school,91316Q,Dream Space Academy for Post-Primary,2021-01-26 12:30:00,26/01/2021 14:30,blakestown community school,2021,Dublin,Y
st patricks classical school,64350N,Dream Space Academy for Post-Primary,2021-01-27 10:00:00,27/01/2021 12:00,st patricks classical school,2021,Meath,N
carndonagh community school,91406R,Dream Space Academy for Post-Primary,2021-01-27 12:30:00,27/01/2021 14:30,carndonagh community school,2021,Donegal,Y
moate cs,91501L,Dream Space Academy for Post-Primary,2021-01-28 12:30:00,28/01/2021 14:30,moate cs,2021,Westmeath,N
st killians college new inn ballinasloe galway,71310P,Dream Space Academy for Post-Primary,2021-01-29 10:00:00,29/01/2021 12:00,st killians college new inn ballinasloe galway,2021,Galway,N
st. patricks secondary school,61250R,Dream Space Academy for Post-Primary,2021-01-29 12:30:00,29/01/2021 14:30,st. patricks secondary school,2021,Kerry,N
broughton primary school,6642268,Dream Space Academy for Primary,2021-02-01 10:00:00,01/02/2021 12:00,broughton primary school,2021,,
elphin comunity college,72280O,Dream Space Academy for Post-Primary,2021-02-02 12:30:00,02/02/2021 14:30,elphin comunity college,2021,Roscommon,N
scoil phroinsiais naofa,18406E,Dream Space Academy for Primary,2021-02-03 10:00:00,03/02/2021 12:00,scoil phroinsiais naofa,2021,Offaly,Y
st. clares primary school,1665H,Dream Space Academy for Primary,2021-02-03 12:30:00,03/02/2021 14:30,st. clares primary school,2021,,
st louis community school,91494R,Dream Space Academy for Post-Primary,2021-02-03 12:30:00,03/02/2021 14:30,st louis community school,2021,Mayo,N
the kings hospital,60272W,Dream Space Academy for Post-Primary,2021-02-04 10:00:00,04/02/2021 12:00,the kings hospital,2021,Dublin,N
edmund rice college,68306H,Dream Space Academy for Post-Primary,2021-02-05 10:00:00,05/02/2021 12:00,edmund rice college,2021,,
colaiste cholmcille,91506V,Dream Space Academy for Post-Primary,2021-02-05 12:30:00,05/02/2021 14:30,colaiste cholmcille,2021,Donegal,Y
coláiste íosagain,60042F,Dream Space Academy for Post-Primary,2021-02-08 12:30:00,08/02/2021 14:30,coláiste íosagain,2021,Dublin,N
tyndall college carlow,70420R,Dream Space Academy for Post-Primary,2021-02-09 10:00:00,09/02/2021 12:00,tyndall college carlow,2021,Carlow,Y
presentation secondary school,64970U,Dream Space Academy for Post-Primary,2021-02-09 12:30:00,09/02/2021 14:30,presentation secondary school,2021,,
st louis secondary school carrickmacross,64760J,Dream Space Academy for Post-Primary,2021-02-11 10:00:00,11/02/2021 12:00,st louis secondary school carrickmacross,2021,,
presentation secondary school castleisland,61260U,Dream Space Academy for Post-Primary,2021-02-12 12:30:00,12/02/2021 14:30,presentation secondary school castleisland,2021,Kerry,N
graignamamanagh boys ns,16311G,Dream Space Academy for Primary,2021-02-16 10:00:00,16/02/2021 12:00,graignamamanagh boys ns,2021,Kilkenny,Y
taunagh n.s.,13196R,Dream Space Academy for Primary,2021-02-22 10:00:00,22/02/2021 12:00,taunagh n.s.,2021,Sligo,N
st. nathys college,68067P,Dream Space Academy for Post-Primary,2021-02-22 12:30:00,22/02/2021 14:30,st. nathys college,2021,Roscommon,Y
st brigids killarney,61340S,Dream Space Academy for Post-Primary,2021-02-23 12:30:00,23/02/2021 14:30,st brigids killarney,2021,Kerry,N
newbridge college,61680T,Dream Space Academy for Post-Primary,2021-02-25 10:18:00,25/02/2021 10:19,newbridge college,2021,Kildare,N
colasite dun iascaigh,76063D,Dream Space Academy for Post-Primary,2021-03-01 10:00:00,01/03/2021 12:00,colasite dun iascaigh,2021,Tipperary,N
st dominics college,60731F,Dream Space Academy for Post-Primary,2021-03-01 12:30:00,01/03/2021 14:30,st dominics college,2021,Dublin,N
stepaside etss,68241F,Dream Space Academy for Post-Primary,2021-03-05 10:00:00,05/03/2021 12:00,stepaside etss,2021,Dublin,N
catholic university school,60540V,Dream Space Academy for Post-Primary,2021-03-09 10:00:00,09/03/2021 11:30,catholic university school,2021,Dublin,N
coláiste mhuire johnstown,70600T,Dream Space Academy for Post-Primary,2021-03-15 10:00:00,15/03/2021 12:00,coláiste mhuire johnstown,2021,,
ballinahowen national school,19632S,Dream Space Academy for Primary,2021-03-15 12:30:00,15/03/2021 14:30,ballinahowen national school,2021,Westmeath,N
scoil mhuire naofa,16474L,Dream Space Academy for Primary,2021-03-16 12:30:00,16/03/2021 14:30,scoil mhuire naofa,2021,Leitrim,Y
scoil mhuire naofa,16474L,Dream Space Academy for Primary,2021-03-16 12:30:00,16/03/2021 14:30,scoil mhuire naofa,2021,Leitrim,Y
ramsgrange community school,91431Q,Dream Space Academy for Post-Primary,2021-03-18 12:30:00,18/03/2021 14:30,ramsgrange community school,2021,Wexford,Y
st marys glasenvin,60770P,Dream Space Academy for Post-Primary,2021-03-19 10:00:00,19/03/2021 12:00,st marys glasenvin,2021,Dublin,Y
st josephs bns,09750S,Dream Space Academy for Primary,2021-03-22 10:00:00,22/03/2021 12:00,st josephs bns,2021,Dublin,N
st marys cbs portlaoise,63430G,Dream Space Academy for Post-Primary,2021-03-22 12:30:00,22/03/2021 14:30,st marys cbs portlaoise,2021,Laois,N
st marys cbs portlaoise,63430G,Dream Space Academy for Post-Primary,2021-03-23 12:30:00,23/03/2021 14:30,st marys cbs portlaoise,2021,Laois,N
sacred heart school tullamore,65620V,Dream Space Academy for Post-Primary,2021-03-24 10:00:00,24/03/2021 12:00,sacred heart school tullamore,2021,,
skerries community college,76078Q,Dream Space Academy for Post-Primary,2021-03-24 12:30:00,24/03/2021 14:30,skerries community college,2021,Dublin,N
cedar integrated primary school,4066588,Dream Space Academy for Primary,2021-03-31 10:00:00,31/03/2021 12:00,cedar integrated primary school,2021,,
grennan college,70640I,Dream Space Academy for Post-Primary,2021-04-12 10:00:00,12/04/2021 12:00,grennan college,2021,Kilkenny,Y
scoil aireagail,70570N,Dream Space Academy for Post-Primary,2021-04-14 10:00:00,14/04/2021 12:00,scoil aireagail,2021,Kilkenny,N
st pauls monasterevin,61702D,Dream Space Academy for Post-Primary,2021-04-14 12:30:00,14/04/2021 14:30,st pauls monasterevin,2021,,
holy faith clontarf,60750J,Dream Space Academy for Post-Primary,2021-04-15 12:30:00,15/04/2021 14:30,holy faith clontarf,2021,Dublin,N
st marys glasnevin,60770P,Dream Space Academy for Post-Primary,2021-04-16 12:30:00,16/04/2021 14:30,st marys glasnevin,2021,Dublin,Y
mercy secondary school ballymahon,63710M,Dream Space Academy for Post-Primary,2021-04-20 10:00:00,20/04/2021 12:00,mercy secondary school ballymahon,2021,,
ashton school,81008W,Dream Space Academy for Post-Primary,2021-04-20 12:30:00,20/04/2021 14:30,ashton school,2021,Cork,N
holy child community school sallynoggin,91330K,Dream Space Academy for Post-Primary,2021-04-28 10:00:00,28/04/2021 12:00,holy child community school sallynoggin,2021,Dublin,Y
coláiste mhuire,63270K,Dream Space Academy for Post-Primary,2021-04-28 12:30:00,28/04/2021 14:30,coláiste mhuire,2021,Westmeath,N
st aidans cbs,60481I,Dream Space Academy for Post-Primary,2021-04-29 10:00:00,29/04/2021 12:00,st aidans cbs,2021,Dublin,N
colaiste eoin,60041D,Dream Space Academy for Post-Primary,2021-04-29 12:30:00,29/04/2021 14:30,colaiste eoin,2021,Dublin,N
gaelscoil uileog de búrca,19972T,Dream Space Academy for Primary,2021-04-30 10:00:00,30/04/2021 12:00,gaelscoil uileog de búrca,2021,Mayo,N
mount sackville,60120W,Dream Space Academy for Post-Primary,2021-05-04 10:00:00,04/05/2021 12:00,mount sackville,2021,Dublin,N
castlerea community school,91493P,Dream Space Academy for Post-Primary,2021-05-04 12:30:00,04/05/2021 14:30,castlerea community school,2021,Roscommon,Y
cork educate together secondary,697382P,Dream Space Academy for Post-Primary,2021-05-05 12:30:00,05/05/2021 14:30,cork educate together secondary,2021,,
coláiste chiaráin,71840V,Dream Space Academy for Post-Primary,2021-05-06 10:00:00,06/05/2021 12:00,coláiste chiaráin,2021,Limerick,Y
malahide portmarnock educate together secondary school,68308L,Dream Space Academy for Post-Primary,2021-05-06 12:30:00,06/05/2021 14:30,malahide portmarnock educate together secondary school,2021,Dublin,N
griffeen valley educate together ns,20166W,Dream Space Academy for Primary,2021-05-10 10:00:00,10/05/2021 12:00,griffeen valley educate together ns,2021,Dublin,N
grange post primary,72330D,Dream Space Academy for Post-Primary,2021-05-13 10:00:00,13/05/2021 12:00,grange post primary,2021,Sligo,N
royal school cavan,61080S,Dream Space Academy for Post-Primary,2021-05-13 12:30:00,13/05/2021 14:30,royal school cavan,2021,Cavan,N
rampark ns,18101F,Dream Space Academy for Primary,2021-05-17 10:00:00,17/05/2021 12:00,rampark ns,2021,Louth,N
st marks community school,91332O,Dream Space Academy for Post-Primary,2021-05-18 10:00:00,18/05/2021 12:00,st marks community school,2021,Dublin,Y
bishopstown community school,91397T,Dream Space Academy for Post-Primary,2021-05-18 12:30:00,18/05/2021 14:30,bishopstown community school,2021,Cork,Y
colaiste mhuire johnstown,70600T,Dream Space Academy for Post-Primary,2021-05-19 10:00:00,19/05/2021 12:00,colaiste mhuire johnstown,2021,,
divine word ns,19574H,Dream Space Academy for Primary,2021-05-19 12:30:00,19/05/2021 14:30,divine word ns,2021,Dublin,N
barntown ns,17913Q,Dream Space Academy for Primary,2021-05-21 12:30:00,21/05/2021 14:30,barntown ns,2021,Wexford,N
gaelscoil thomáis dáibhís,19886D,Dream Space Academy for Primary,2021-06-02 12:30:00,02/06/2021 14:30,gaelscoil thomáis dáibhís,2021,Cork,N
st johns ns breaffy,13781F,Dream Space Academy for Primary,2021-06-03 12:30:00,03/06/2021 14:30,st johns ns breaffy,2021,Mayo,Y
st kevins ns,17720F,Dream Space Academy for Primary,2021-06-04 12:30:00,04/06/2021 14:30,st kevins ns,2021,Wicklow,N
scoil chéile chríost rathmore n.s national school,01821V,Dream Space Academy for Primary,2021-06-08 10:00:00,08/06/2021 12:00,scoil chéile chríost rathmore n.s national school,2021,Kildare,N
st ciarans mixed n.s.,16435B,Dream Space Academy for Primary,2021-06-09 10:00:00,09/06/2021 12:00,st ciarans mixed n.s.,2021,Offaly,Y
glasnevin educate together ns,20168D,Dream Space Academy for Primary,2021-06-09 12:30:00,09/06/2021 14:30,glasnevin educate together ns,2021,Dublin,N
scoil phroinsias naofa,18506E,Dream Space Academy for Primary,2021-06-15 12:30:00,15/06/2021 14:30,scoil phroinsias naofa,2021,,
scoil mhuire gns lakelands,11894I,Dream Space Academy for Primary,2021-06-15 12:30:00,15/06/2021 14:30,scoil mhuire gns lakelands,2021,Dublin,N
st. josephs ps,20089H,Dream Space Academy for Primary,2021-06-16 10:00:00,16/06/2021 12:00,st. josephs ps,2021,Mayo,N
st teresas ns,19279F,Dream Space Academy for Primary,2021-06-16 12:30:00,16/06/2021 14:30,st teresas ns,2021,Longford,Y
st colmans bns,14052V,Dream Space Academy for Primary,2021-06-17 12:30:00,17/06/2021 14:30,st colmans bns,2021,,
st.marys ns carrigallen,12345,Dream Space Academy for Primary,2021-09-06 10:00:00,06/09/2021 12:00,st.marys ns carrigallen,2021,,
scoil mhichil naofa,18288B,Dream Space Academy for Primary,2021-09-06 10:00:00,06/09/2021 12:00,scoil mhichil naofa,2021,Kildare,Y
scoil mhichil naofa,18288B,Dream Space Academy for Primary,2021-09-06 10:00:00,06/09/2021 12:00,scoil mhichil naofa,2021,Kildare,Y
st. johns senior school,20011Q,Dream Space Academy for Primary,2021-09-06 12:30:00,06/09/2021 14:30,st. johns senior school,2021,Kilkenny,Y
kiltrustan national school,17353E,Dream Space Academy for Primary,2021-09-07 10:00:00,07/09/2021 12:00,kiltrustan national school,2021,Roscommon,N
our ladys grove secondary school,60891E,Dream Space Academy for Post-Primary,2021-09-07 12:30:00,07/09/2021 14:30,our ladys grove secondary school,2021,Dublin,N
cedar ips,4066588,Dream Space Academy for Primary,2021-09-08 10:00:00,08/09/2021 12:00,cedar ips,2021,,
scoil mhuire gns,13447Q,Dream Space Academy for Primary,2021-09-10 10:00:00,10/09/2021 12:00,scoil mhuire gns,2021,Dublin,N
st. marys central school,19595P,Dream Space Academy for Primary,2021-09-10 12:30:00,10/09/2021 14:30,st. marys central school,2021,Cork,N
borrisokane community college,72370P,Dream Space Academy for Post-Primary,2021-09-13 12:30:00,13/09/2021 14:30,borrisokane community college,2021,Tipperary,N
colaiste lorcain,70670R,Dream Space Academy for Post-Primary,2021-09-14 10:00:00,14/09/2021 12:00,colaiste lorcain,2021,Kildare,N
st felims n.s. cavan,17326B,Dream Space Academy for Primary,2021-09-14 12:30:00,14/09/2021 14:30,st felims n.s. cavan,2021,Cavan,Y
st davids secondary school,61830M,Dream Space Academy for Post-Primary,2021-09-15 10:00:00,15/09/2021 12:00,st davids secondary school,2021,Wicklow,N
st marys central school,19595P,Dream Space Academy for Primary,2021-09-17 12:30:00,17/09/2021 14:30,st marys central school,2021,Cork,N
carrigeen ns,15340I,Dream Space Academy for Primary,2021-09-20 12:30:00,20/09/2021 14:30,carrigeen ns,2021,Kilkenny,N
stackallen ns,01309L,Dream Space Academy for Primary,2021-09-21 12:30:00,21/09/2021 14:30,stackallen ns,2021,Meath,N
mercy ballymahon,63710M,Dream Space Academy for Post-Primary,2021-09-23 10:00:00,23/09/2021 12:00,mercy ballymahon,2021,,
ballycroneen ns,18475A,Dream Space Academy for Primary,2021-09-24 12:30:00,24/09/2021 14:30,ballycroneen ns,2021,Cork,N
st. kevins gns,19466E,Dream Space Academy for Primary,2021-09-27 10:00:00,27/09/2021 12:00,st. kevins gns,2021,Dublin,N
st marks special school,19155W,Dream Space Academy for Primary,2021-09-28 10:00:00,28/09/2021 12:00,st marks special school,2021,,
st kevins gns,19466E,Dream Space Academy for Primary,2021-09-28 12:30:00,28/09/2021 14:30,st kevins gns,2021,Dublin,N
glenstal abbey school,64150F,Dream Space Academy for Post-Primary,2021-09-29 10:00:00,29/09/2021 12:00,glenstal abbey school,2021,Limerick,N
st brendans ps,12370C,Dream Space Academy for Primary,2021-09-29 12:30:00,29/09/2021 14:30,st brendans ps,2021,Offaly,Y
scoil mhuire killorglin,12832O,Dream Space Academy for Primary,2021-09-30 10:00:00,30/09/2021 12:00,scoil mhuire killorglin,2021,Kerry,N
robertson n.s.,13872I,Dream Space Academy for Primary,2021-09-30 12:30:00,30/09/2021 14:30,robertson n.s.,2021,Donegal,Y
st brigids ns,00697S,Dream Space Academy for Primary,2021-10-06 12:30:00,06/10/2021 14:30,st brigids ns,2021,Dublin,N
scoil mhuire araglin,17761T,Dream Space Academy for Primary,2021-10-11 10:00:00,11/10/2021 12:00,scoil mhuire araglin,2021,Cork,N
bishop foley memorial school,17053P,Dream Space Academy for Primary,2021-10-11 12:30:00,11/10/2021 14:00,bishop foley memorial school,2021,Carlow,Y
scoil mhuire lacken,17479D,Dream Space Academy for Primary,2021-10-12 10:00:00,12/10/2021 12:00,scoil mhuire lacken,2021,Cavan,Y
st brigids ns,00697S,Dream Space Academy for Primary,2021-10-13 10:00:00,13/10/2021 12:00,st brigids ns,2021,Dublin,N
st brigids ns,00697S,Dream Space Academy for Primary,2021-10-13 12:30:00,13/10/2021 14:30,st brigids ns,2021,Dublin,N
moyvore primary school,17432A,Dream Space Academy for Primary,2021-10-15 10:00:00,15/10/2021 12:00,moyvore primary school,2021,Westmeath,N
cloughfin n.s.,17469A,Dream Space Academy for Primary,2021-10-15 12:30:00,15/10/2021 14:00,cloughfin n.s.,2021,Donegal,Y
stackallen ns,01309L,Dream Space Academy for Primary,2021-10-18 10:00:00,18/10/2021 12:00,stackallen ns,2021,Meath,N
gaelscoil an eiscir riada,19990V,Dream Space Academy for Primary,2021-10-18 12:30:00,18/10/2021 14:00,gaelscoil an eiscir riada,2021,Offaly,N
st.patricks bns,19258U,Dream Space Academy for Primary,2021-10-19 10:00:00,19/10/2021 12:00,st.patricks bns,2021,Dublin,N
mount carmel secondary school,60853T,Dream Space Academy for Post-Primary,2021-10-19 12:30:00,19/10/2021 14:00,mount carmel secondary school,2021,Dublin,Y
gaelscoil na laochra,20461B,Dream Space Academy for Primary,2021-10-20 10:00:00,20/10/2021 12:00,gaelscoil na laochra,2021,Offaly,N
community college,71450I,Dream Space Academy for Post-Primary,2021-10-20 12:30:00,20/10/2021 14:00,community college,2021,Westmeath,Y
scoil naomh pádraig,19114T,Dream Space Academy for Primary,2021-10-21 12:30:00,21/10/2021 14:00,scoil naomh pádraig,2021,Dublin,N
le chéile ns,20459O,Dream Space Academy for Primary,2021-10-22 10:00:00,22/10/2021 12:00,le chéile ns,2021,Limerick,Y
scoil mhuire senior,19452Q,Dream Space Academy for Primary,2021-10-22 12:30:00,22/10/2021 14:00,scoil mhuire senior,2021,Kildare,Y
sacred heart sns,19543T,Dream Space Academy for Primary,2021-11-02 10:00:00,02/11/2021 12:00,sacred heart sns,2021,Dublin,Y
sn naomh eoin,18641O,Dream Space Academy for Primary,2021-11-04 10:00:00,04/11/2021 12:00,sn naomh eoin,2021,Laois,N
wilsons hospital school,63300Q,Dream Space Academy for Post-Primary,2021-11-04 12:30:00,04/11/2021 14:30,wilsons hospital school,2021,Westmeath,N
kilcoe ns,14227H,Dream Space Academy for Primary,2021-11-05 10:00:00,05/11/2021 12:00,kilcoe ns,2021,Cork,Y
newtowngore ns,09353I,Dream Space Academy for Primary,2021-11-05 12:30:00,05/11/2021 14:30,newtowngore ns,2021,Leitrim,N
scoil mhuire gan smál,17224Q,Dream Space Academy for Primary,2021-11-11 10:00:00,11/11/2021 12:00,scoil mhuire gan smál,2021,Kilkenny,Y
scoil mhuire gan smál,17224Q,Dream Space Academy for Primary,2021-11-11 10:00:00,11/11/2021 12:00,scoil mhuire gan smál,2021,Kilkenny,Y
scoil mhuire gan smál,17224Q,Dream Space Academy for Primary,2021-11-11 10:00:00,11/11/2021 12:00,scoil mhuire gan smál,2021,Kilkenny,Y
cbs primary nenagh,16727O,Dream Space Academy for Primary,2021-11-18 10:00:00,18/11/2021 12:00,cbs primary nenagh,2021,Tipperary,N
st cremins ns,19350I,Dream Space Academy for Primary,2021-11-18 12:30:00,18/11/2021 14:30,st cremins ns,2021,Westmeath,N
scoil cholmcille clouna,17270A,Dream Space Academy for Primary,2021-11-23 12:30:00,23/11/2021 14:30,scoil cholmcille clouna,2021,Clare,N
st josephs mercy navan,64360Q,Dream Space Academy for Post-Primary,2021-11-30 10:00:00,30/11/2021 12:00,st josephs mercy navan,2021,Meath,N
rockboro primary school,00049L,Dream Space Academy for Primary,2021-11-30 12:30:00,30/11/2021 14:30,rockboro primary school,2021,,
saint ultans,20092T,Dream Space Academy for Primary,2021-12-06 10:00:00,06/12/2021 12:00,saint ultans,2021,Dublin,Y
st. kevins boys school,19465C,Dream Space Academy for Primary,2021-12-13 10:00:00,13/12/2021 12:00,st. kevins boys school,2021,Dublin,N
scoil phádraig,19796C,Dream Space Academy for Primary,2021-12-13 12:30:00,13/12/2021 14:30,scoil phádraig,2021,Kildare,N
carrick on shannon commmunity school,91496V,Dream Space Academy for Post-Primary,2021-12-14 12:30:00,14/12/2021 14:30,carrick on shannon commmunity school,2021,,
john the baptist cs,91502N,Dream Space Academy for Post-Primary,2021-12-15 12:30:00,15/12/2021 14:30,john the baptist cs,2021,Limerick,N
st colmans ns clara,16116I,Dream Space Academy for Primary,2021-12-16 12:30:00,16/12/2021 14:30,st colmans ns clara,2021,Kilkenny,N
st. laurences n.s.,19573F,Dream Space Academy for Primary,2021-12-17 10:00:00,17/12/2021 12:00,st. laurences n.s.,2021,Wicklow,N
st clares primary school,16651H,Dream Space Academy for Primary,2021-12-17 12:30:00,17/12/2021 14:30,st clares primary school,2021,Dublin,N
bishop galvin ns,19494J,Dream Space Academy for Primary,2022-10-06 09:30:00,06/10/2022 12:30,bishop galvin ns,2022,Dublin,N
st. margarets national school,18038B,Dream Space Academy for Primary,2022-11-21 09:30:00,21/11/2022 12:30,st. margarets national school,2022,Dublin,N
rathdown juniorschool,0005X,Dream Space Academy for Primary,2022-11-22 09:30:00,22/11/2022 12:30,rathdown juniorschool,2022,,
coláiste dun iascaigh,76063D,Dream Space Academy for Post-Primary,2022-11-24 13:30:00,24/11/2022 16:30,coláiste dun iascaigh,2022,Tipperary,N
ravenswell primary school,07246U,Dream Space Academy for Primary,2022-11-25 09:30:00,25/11/2022 12:30,ravenswell primary school,2022,Wicklow,Y
carrick on shannon community school,91496V,Dream Space Academy for Post-Primary,2022-11-28 13:30:00,28/11/2022 16:30,carrick on shannon community school,2022,,
st joseph’s patrician college,62960H,Dream Space Academy for Post-Primary,2022-11-29 09:30:00,29/11/2022 12:30,st joseph’s patrician college,2022,,
st mary’s college,61730I,Dream Space Academy for Post-Primary,2022-11-30 13:30:00,30/11/2022 16:30,st mary’s college,2022,Kildare,N
aj school,76611WW,Dream Space Academy for Primary,2022-12-07 09:30:00,07/12/2022 12:30,aj school,2022,,
harold boys n.s.,15132B,Dream Space Academy for Primary,2022-12-08 09:30:00,08/12/2022 12:30,harold boys n.s.,2022,Dublin,N
loreto primary school,00729F,Dream Space Academy for Primary,2023-01-09 09:30:00,09/01/2023 12:30,loreto primary school,2023,Dublin,N
mount sackville secondary school,60120W,Dream Space Academy for Post-Primary,2023-01-09 13:30:00,09/01/2023 16:30,mount sackville secondary school,2023,Dublin,N
central model senior school,00752A,Dream Space Academy for Primary,2023-01-10 09:30:00,10/01/2023 12:30,central model senior school,2023,Dublin,Y
taney parish primary schoom,15284B,Dream Space Academy for Primary,2023-01-11 09:30:00,11/01/2023 12:30,taney parish primary schoom,2023,Dublin,N
deansrath community college,70040H,Dream Space Academy for Post-Primary,2023-01-11 13:30:00,11/01/2023 16:30,deansrath community college,2023,Dublin,Y
lusk community college,76213T,Dream Space Academy for Post-Primary,2023-01-13 09:30:00,13/01/2023 12:30,lusk community college,2023,Dublin,N
st colmcilles sns,19742C,Dream Space Academy for Primary,2023-01-17 09:30:00,17/01/2023 12:30,st colmcilles sns,2023,Dublin,N
de la salle college dundalk,63891T,Dream Space Academy for Post-Primary,2023-01-26 09:30:00,26/01/2023 12:30,de la salle college dundalk,2023,,
colaiste chiarain,71840V,Dream Space Academy for Post-Primary,2023-01-26 13:30:00,26/01/2023 16:30,colaiste chiarain,2023,Limerick,Y
clonkeen college,60092U,Dream Space Academy for Post-Primary,2023-01-27 09:30:00,27/01/2023 12:30,clonkeen college,2023,Dublin,N
st. john’s senior school,20011Q,Dream Space Academy for Primary,2023-02-09 09:30:00,09/02/2023 12:30,st. john’s senior school,2023,Kilkenny,Y
beech hill college,72210Q,Dream Space Academy for Post-Primary,2023-02-20 13:30:00,20/02/2023 16:30,beech hill college,2023,Monaghan,Y
malahide community school,91325R,Dream Space Academy for Post-Primary,2023-02-21 09:30:00,21/02/2023 12:30,malahide community school,2023,Dublin,N
gaelcholáiste na mara,76106S,Dream Space Academy for Post-Primary,2023-02-23 09:30:00,23/02/2023 12:30,gaelcholáiste na mara,2023,Wicklow,N
st.patrick’s comprehensive,81007U,Dream Space Academy for Post-Primary,2023-02-28 13:30:00,28/02/2023 16:30,st.patrick’s comprehensive,2023,Clare,N
tallaght community school,91335U,Dream Space Academy for Post-Primary,2023-03-06 13:30:00,06/03/2023 16:30,tallaght community school,2023,Dublin,Y
glenart college,70740M,Dream Space Academy for Post-Primary,2023-03-08 13:30:00,08/03/2023 16:30,glenart college,2023,Wicklow,Y
colaiste mhuire cabra,60450U,Dream Space Academy for Post-Primary,2023-03-09 13:30:00,09/03/2023 16:30,colaiste mhuire cabra,2023,Dublin,Y
scoil mhichíl naofa,18288B,Dream Space Academy for Primary,2023-03-10 09:30:00,10/03/2023 12:30,scoil mhichíl naofa,2023,Kildare,Y
our lady of mercy ns,09161W,Dream Space Academy for Primary,2023-03-14 09:30:00,14/03/2023 12:30,our lady of mercy ns,2023,Cork,N
largy college,72171J,Dream Space Academy for Post-Primary,2023-03-23 09:30:00,23/03/2023 12:30,largy college,2023,Monaghan,Y
carrigallen vocational school,71540J,Dream Space Academy for Post-Primary,2023-03-23 13:30:00,23/03/2023 16:30,carrigallen vocational school,2023,Leitrim,N
ballinteer community school,91305L,Dream Space Academy for Post-Primary,2023-03-24 09:30:00,24/03/2023 12:30,ballinteer community school,2023,Dublin,Y
killinarden community school,91337B,Dream Space Academy for Post-Primary,2023-03-24 13:30:00,24/03/2023 16:30,killinarden community school,2023,Dublin,Y
assumption secondary school,60851P,Dream Space Academy for Post-Primary,2023-03-27 13:30:00,27/03/2023 16:30,assumption secondary school,2023,Dublin,Y
st nathys college,68067P,Dream Space Academy for Post-Primary,2023-03-28 13:30:00,28/03/2023 16:30,st nathys college,2023,Roscommon,Y
athboy community school,91517D,Dream Space Academy for Post-Primary,2023-03-29 09:30:00,29/03/2023 12:30,athboy community school,2023,Meath,N
bailieborough community school,91351S,Dream Space Academy for Post-Primary,2023-03-31 13:30:00,31/03/2023 16:30,bailieborough community school,2023,Cavan,N
scoil bhríde buachaillí,18046A,Dream Space Academy for Primary,2023-04-17 09:30:00,17/04/2023 12:30,scoil bhríde buachaillí,2023,Dublin,N
presentation secondary school listowel,61380H,Dream Space Academy for Post-Primary,2023-04-17 13:30:00,17/04/2023 16:30,presentation secondary school listowel,2023,Kerry,N
edmondstown national school,17953F,Dream Space Academy for Primary,2023-04-18 09:30:00,18/04/2023 12:30,edmondstown national school,2023,Dublin,N
colaiste bride presentation secondary school,60122D,Dream Space Academy for Post-Primary,2023-04-18 13:30:00,18/04/2023 16:30,colaiste bride presentation secondary school,2023,Dublin,N
rush national school,19660A,Dream Space Academy for Primary,2023-04-19 09:30:00,19/04/2023 12:30,rush national school,2023,Dublin,N
pobalscoil neasain,91342R,Dream Space Academy for Post-Primary,2023-04-19 13:30:00,19/04/2023 16:30,pobalscoil neasain,2023,Dublin,N
gaelscoil an mhuilinn,20002P,Dream Space Academy for Primary,2023-04-20 09:30:00,20/04/2023 12:30,gaelscoil an mhuilinn,2023,Westmeath,N
gaelcholáiste phort láirge,68078U,Dream Space Academy for Post-Primary,2023-04-20 13:30:00,20/04/2023 16:30,gaelcholáiste phort láirge,2023,Waterford,N
killeshin ns,17617M,Dream Space Academy for Primary,2023-04-24 09:30:00,24/04/2023 12:30,killeshin ns,2023,Laois,N
st. felims n.s.,17326B,Dream Space Academy for Primary,2023-04-25 09:30:00,25/04/2023 12:30,st. felims n.s.,2023,Cavan,Y
loreto secondary school,61580P,Dream Space Academy for Post-Primary,2023-04-25 13:30:00,25/04/2023 16:30,loreto secondary school,2023,,
franciscan college,64420I,Dream Space Academy for Post-Primary,2023-04-26 13:30:00,26/04/2023 16:30,franciscan college,2023,Meath,N
comeragh college,72400V,Dream Space Academy for Post-Primary,2023-04-27 13:30:00,27/04/2023 16:30,comeragh college,2023,Tipperary,Y
scoil áine,19221U,Dream Space Academy for Primary,2023-04-28 09:30:00,28/04/2023 12:30,scoil áine,2023,Dublin,N
holy child school killiney,60250M,Dream Space Academy for Post-Primary,2023-04-28 13:30:00,28/04/2023 16:30,holy child school killiney,2023,Dublin,N
rush national school,19670A,Dream Space Academy for Primary,2023-05-02 09:30:00,02/05/2023 12:30,rush national school,2023,,
de la salle college,60310E,Dream Space Academy for Post-Primary,2023-05-02 13:30:00,02/05/2023 16:30,de la salle college,2023,Dublin,N
eriu community college,76574F,Dream Space Academy for Post-Primary,2023-05-03 09:30:00,03/05/2023 12:30,eriu community college,2023,Dublin,N
grange community college,70020B,Dream Space Academy for Post-Primary,2023-05-04 09:30:00,04/05/2023 12:30,grange community college,2023,Dublin,Y
gaelcholaiste reachrann,76085N,Dream Space Academy for Post-Primary,2023-05-04 13:30:00,04/05/2023 16:30,gaelcholaiste reachrann,2023,Dublin,N
loreto abbey dalkey,60130C,Dream Space Academy for Post-Primary,2023-05-05 09:30:00,05/05/2023 12:30,loreto abbey dalkey,2023,Dublin,N
our lady’s school terenure,60860Q,Dream Space Academy for Post-Primary,2023-05-08 09:30:00,08/05/2023 12:30,our lady’s school terenure,2023,Dublin,N
colaiste pobail setanta,76098W,Dream Space Academy for Post-Primary,2023-05-09 09:30:00,09/05/2023 12:30,colaiste pobail setanta,2023,Dublin,N
drumshanbo vocational school,71570S,Dream Space Academy for Post-Primary,2023-05-09 13:30:00,09/05/2023 16:30,drumshanbo vocational school,2023,Leitrim,N
st raphaelas secondary school,60361V,Dream Space Academy for Post-Primary,2023-05-11 09:30:00,11/05/2023 12:30,st raphaelas secondary school,2023,Dublin,N
st kilians deutsche schule,60630W,Dream Space Academy for Post-Primary,2023-05-15 13:30:00,15/05/2023 16:30,st kilians deutsche schule,2023,Dublin,N
templemichael college,71730O,Dream Space Academy for Post-Primary,2023-05-17 13:30:00,17/05/2023 16:30,templemichael college,2023,Longford,Y
bremoreetss,68262N,Dream Space Academy for Post-Primary,2023-05-19 13:30:00,19/05/2023 16:30,bremoreetss,2023,Dublin,N
sn muire rampark,18101F,Dream Space Academy for Primary,2023-05-23 09:30:00,23/05/2023 12:30,sn muire rampark,2023,Louth,N
saint ultans,20092T,Dream Space Academy for Primary,2023-05-25 09:30:00,25/05/2023 12:30,saint ultans,2023,Dublin,Y
st colmans,20353V,Dream Space Academy for Primary,2023-05-30 13:30:00,30/05/2023 16:30,st colmans,2023,Laois,N
duleek gns,17840P,Dream Space Academy for Primary,2023-05-31 13:30:00,31/05/2023 16:30,duleek gns,2023,Meath,Y
scoil mhuire girls’ ns,13447Q,Dream Space Academy for Primary,2023-06-07 09:30:00,07/06/2023 12:30,scoil mhuire girls’ ns,2023,Dublin,N
greenlanes ns,17730I,Dream Space Academy for Primary,2023-06-08 09:30:00,08/06/2023 12:30,greenlanes ns,2023,Dublin,N
holy spirit senior primary school,20464H,Dream Space Academy for Primary,2023-06-08 13:30:00,08/06/2023 16:30,holy spirit senior primary school,2023,Dublin,Y
tyrrelstown educate together national school,20201V,Dream Space Academy for Primary,2023-06-09 09:30:00,09/06/2023 12:30,tyrrelstown educate together national school,2023,Dublin,N
ballinteer etns,20400E,Dream Space Academy for Primary,2023-06-19 13:30:00,19/06/2023 16:30,ballinteer etns,2023,Dublin,N
harolds cross ns,19924I,Dream Space Academy for Primary,2023-06-20 09:30:00,20/06/2023 12:30,harolds cross ns,2023,Dublin,Y
knocktemple ns,17625L,Dream Space Academy for Primary,2023-06-20 13:30:00,20/06/2023 16:30,knocktemple ns,2023,Cavan,N
loreto ps dalkey,19066L,Dream Space Academy for Primary,2023-06-21 09:30:00,21/06/2023 12:30,loreto ps dalkey,2023,Dublin,N
st daigh’s ns,19251G,Dream Space Academy for Primary,2023-06-22 09:30:00,22/06/2023 12:30,st daigh’s ns,2023,Monaghan,N
st. mary’s & st. gerard’s n.s.,17223O,Dream Space Academy for Primary,2023-06-22 13:30:00,22/06/2023 16:30,st. mary’s & st. gerard’s n.s.,2023,Wicklow,N
gaelscoil naomh pádraig,19940G,Dream Space Academy for Primary,2023-06-23 09:30:00,23/06/2023 12:30,gaelscoil naomh pádraig,2023,Dublin,N
loreto high school beaufort,60340N0,Dream Space Academy for Post-Primary,2024-09-03 09:30:00,03/09/2024 12:30,loreto high school beaufort,2024,,
coláiste choilm (the christian brothers),60383I,Dream Space Academy for Post-Primary,2024-09-05 09:30:00,05/09/2024 12:30,coláiste choilm (the christian brothers),2024,Dublin,N
castleknock community college,76062B,Dream Space Academy for Post-Primary,2024-09-05 13:30:00,05/09/2024 16:30,castleknock community college,2024,Dublin,N
our lady of good counsel,19320W,Dream Space Academy for Primary,2024-09-09 10:00:00,09/09/2024 13:00,our lady of good counsel,2024,Dublin,N
griffeen valley educate together ns,20166W,Dream Space Academy for Primary,2024-09-10 10:00:00,10/09/2024 13:00,griffeen valley educate together ns,2024,Dublin,N
st. fintans high school,60370W,Dream Space Academy for Post-Primary,2024-09-11 09:30:00,11/09/2024 12:30,st. fintans high school,2024,Dublin,N
roslyn college nln,40430C,Dream Space Academy for Post-Primary,2024-09-11 13:30:00,11/09/2024 16:30,roslyn college nln,2024,,
carrick on shannon community school,91496V,Dream Space Academy for Post-Primary,2024-09-11 13:30:00,11/09/2024 16:30,carrick on shannon community school,2024,,
rathdown junior school,00005X,Dream Space Academy for Primary,2024-09-12 10:00:00,12/09/2024 13:00,rathdown junior school,2024,,
lucan community college,70080T,Dream Space Academy for Post-Primary,2024-09-13 09:30:00,13/09/2024 12:30,lucan community college,2024,Dublin,N
colaiste chraobh abhann,76076M,Dream Space Academy for Post-Primary,2024-09-13 13:30:00,13/09/2024 16:30,colaiste chraobh abhann,2024,Wicklow,N
ardgillan college,76129H,Dream Space Academy for Post-Primary,2024-10-14 09:30:00,14/10/2024 12:30,ardgillan college,2024,Dublin,N
presentation community college,76092K,Dream Space Academy for Post-Primary,2024-10-14 13:30:00,14/10/2024 16:30,presentation community college,2024,Dublin,N
stanhope secondary school,60843Q,Dream Space Academy for Post-Primary,2024-10-15 09:30:00,15/10/2024 12:30,stanhope secondary school,2024,Dublin,Y
lusk community college,76213T,Dream Space Academy for Post-Primary,2024-10-15 13:30:00,15/10/2024 16:30,lusk community college,2024,Dublin,N
goatstown etss,68366C,Dream Space Academy for Post-Primary,2024-10-16 09:30:00,16/10/2024 12:30,goatstown etss,2024,Dublin,N
ardscoil na tríonóide,68077S,Dream Space Academy for Post-Primary,2024-10-16 13:30:00,16/10/2024 16:30,ardscoil na tríonóide,2024,Kildare,N
coolmine community school,91315O,Dream Space Academy for Post-Primary,2024-10-17 09:30:00,17/10/2024 12:30,coolmine community school,2024,Dublin,N
colaiste dun iascaigh,76063D,Dream Space Academy for Post-Primary,2024-10-17 13:30:00,17/10/2024 16:30,colaiste dun iascaigh,2024,Tipperary,N
salesian college,61661P,Dream Space Academy for Post-Primary,2024-10-18 09:30:00,18/10/2024 12:30,salesian college,2024,Kildare,N
mungret community college,76476F,Dream Space Academy for Post-Primary,2024-10-18 13:30:00,18/10/2024 16:30,mungret community college,2024,Limerick,N
st malachy’s gns,15259C,Dream Space Academy for Primary,2024-10-24 10:00:00,24/10/2024 13:00,st malachy’s gns,2024,Louth,N
loreto grange road,00729F,Dream Space Academy for Primary,2024-10-25 10:00:00,25/10/2024 13:00,loreto grange road,2024,Dublin,N
scoil thomais,19769W,Dream Space Academy for Primary,2024-11-27 10:00:00,27/11/2024 13:00,scoil thomais,2024,Dublin,N
st peters college,63650U,Dream Space Academy for Post-Primary,2024-12-02 09:30:00,02/12/2024 12:30,st peters college,2024,Wexford,N
stratford college,61020A,Dream Space Academy for Post-Primary,2024-12-02 13:30:00,02/12/2024 16:30,stratford college,2024,Dublin,N
harcourt terrace etns,20501K,Dream Space Academy for Primary,2024-12-11 10:00:00,11/12/2024 13:00,harcourt terrace etns,2024,Dublin,N
colaiste mhuire,63270K,Dream Space Academy for Post-Primary,2024-12-12 09:30:00,12/12/2024 12:30,colaiste mhuire,2024,Westmeath,N
colaiste mhuire,63270K,Dream Space Academy for Post-Primary,2024-12-12 09:30:00,12/12/2024 12:30,colaiste mhuire,2024,Westmeath,N
gorey community school,91492N,Dream Space Academy for Post-Primary,2024-12-12 13:30:00,12/12/2024 16:30,gorey community school,2024,Wexford,N
coláiste dun iascaigh,76063F,Dream Space Academy for Post-Primary,2024-12-12 13:30:00,12/12/2024 16:30,coláiste dun iascaigh,2024,,
st helens sns,19762I,Dream Space Academy for Primary,2024-12-13 10:00:00,13/12/2024 13:00,st helens sns,2024,Dublin,N
canal way educate together,20430N,Dream Space Academy for Primary,2024-12-13 10:00:00,13/12/2024 13:00,canal way educate together,2024,Dublin,N
st patricks classical school,64350N,Dream Space Academy for Post-Primary,2024-12-16 09:30:00,16/12/2024 12:30,st patricks classical school,2024,Meath,N
colaiste pobail setanta,76098W,Dream Space Academy for Post-Primary,2024-12-16 13:30:00,16/12/2024 16:30,colaiste pobail setanta,2024,Dublin,N
donabate community college,76104O,Dream Space Academy for Post-Primary,2024-12-17 09:30:00,17/12/2024 12:30,donabate community college,2024,Dublin,N
bridgetown college,71610E,Dream Space Academy for Post-Primary,2024-12-17 13:30:00,17/12/2024 16:30,bridgetown college,2024,Wexford,Y
scoil chormaic cns (ddletb),20269J,Dream Space Academy for Primary,2024-12-18 10:00:00,18/12/2024 13:00,scoil chormaic cns (ddletb),2024,Dublin,N
lucan east educate together,20303G,Dream Space Academy for Primary,2024-12-19 10:00:00,19/12/2024 13:00,lucan east educate together,2024,Dublin,Y
st francis xavier senior school,19470S,Dream Space Academy for Primary,2025-01-08 10:00:00,08/01/2025 13:00,st francis xavier senior school,2025,Dublin,N
ardscoil la salle,60291D,Dream Space Academy for Post-Primary,2025-01-09 09:30:00,09/01/2025 12:30,ardscoil la salle,2025,Dublin,Y
kilrush community school,91448K,Dream Space Academy for Post-Primary,2025-01-09 13:30:00,09/01/2025 16:30,kilrush community school,2025,Clare,Y
st andrews college junior school,00004X,Dream Space Academy for Primary,2025-01-10 10:00:00,10/01/2025 13:00,st andrews college junior school,2025,,
bray school project ns,19754J,Dream Space Academy for Primary,2025-01-14 10:00:00,14/01/2025 13:00,bray school project ns,2025,Wicklow,N
scoil barra naofa,17323S,Dream Space Academy for Primary,2025-01-15 10:00:00,15/01/2025 13:00,scoil barra naofa,2025,Cork,N
fingal community college,70121H,Dream Space Academy for Post-Primary,2025-01-16 09:30:00,16/01/2025 12:30,fingal community college,2025,Dublin,N
rathdown school,60090Q,Dream Space Academy for Post-Primary,2025-01-16 13:30:00,16/01/2025 16:30,rathdown school,2025,Dublin,N
dominican college wicklow,61860V,Dream Space Academy for Post-Primary,2025-01-17 09:30:00,17/01/2025 12:30,dominican college wicklow,2025,,
gonzaga college sj,60530S,Dream Space Academy for Post-Primary,2025-01-17 13:30:00,17/01/2025 16:30,gonzaga college sj,2025,Dublin,N
adamstown community college,76097U,Dream Space Academy for Post-Primary,2025-01-20 09:30:00,20/01/2025 12:30,adamstown community college,2025,Dublin,N
mount seskin cc,70141N,Dream Space Academy for Post-Primary,2025-01-20 13:30:00,20/01/2025 16:30,mount seskin cc,2025,Dublin,Y
colaiste mhuire johnstown,70600T,Dream Space Academy for Post-Primary,2025-01-21 09:30:00,21/01/2025 12:30,colaiste mhuire johnstown,2025,,
largy college,72171J,Dream Space Academy for Post-Primary,2025-01-21 13:30:00,21/01/2025 16:30,largy college,2025,Monaghan,Y
loreto college junior school,PJS009,Dream Space Academy for Primary,2025-01-23 10:00:00,23/01/2025 13:00,loreto college junior school,2025,,
harolds cross ns,19924I,Dream Space Academy for Primary,2025-01-24 10:00:00,24/01/2025 13:00,harolds cross ns,2025,Dublin,Y
virginia college,70390L,Dream Space Academy for Post-Primary,2025-02-04 09:30:00,04/02/2025 12:30,virginia college,2025,Cavan,N
st.patrick’s comprehensive,81007U,Dream Space Academy for Post-Primary,2025-02-04 13:30:00,04/02/2025 16:30,st.patrick’s comprehensive,2025,Clare,N
colaiste bride presentation secondary school,60122D,Dream Space Academy for Post-Primary,2025-02-05 09:30:00,05/02/2025 12:30,colaiste bride presentation secondary school,2025,Dublin,N
scoil bhríde,20114D,Dream Space Academy for Primary,2025-02-06 10:00:00,06/02/2025 13:00,scoil bhríde,2025,Kildare,N
scoil bhríde,20114D,Dream Space Academy for Primary,2025-02-06 10:00:00,06/02/2025 13:00,scoil bhríde,2025,Kildare,N
scoil bhríde,20114D,Dream Space Academy for Primary,2025-02-06 10:00:00,06/02/2025 13:00,scoil bhríde,2025,Kildare,N
scoil bhríde,20114D,Dream Space Academy for Primary,2025-02-06 10:00:00,06/02/2025 13:00,scoil bhríde,2025,Kildare,N
scoil bhríde,20114D,Dream Space Academy for Primary,2025-02-06 10:00:00,06/02/2025 13:00,scoil bhríde,2025,Kildare,N
ramsgrange community school,91431Q,Dream Space Academy for Post-Primary,2025-02-10 09:30:00,10/02/2025 12:30,ramsgrange community school,2025,Wexford,Y
luttrellstown community collete,76130P,Dream Space Academy for Post-Primary,2025-02-10 13:30:00,10/02/2025 16:30,luttrellstown community collete,2025,Dublin,N
st john’s senior school,20011Q,Dream Space Academy for Primary,2025-02-12 10:00:00,12/02/2025 13:00,st john’s senior school,2025,Kilkenny,Y
scoil treasa firhouse,19565G,Dream Space Academy for Primary,2025-02-24 10:00:00,24/02/2025 13:00,scoil treasa firhouse,2025,Dublin,N
crossabeg ns,17017L,Dream Space Academy for Primary,2025-02-25 10:00:00,25/02/2025 13:00,crossabeg ns,2025,Wexford,N
st marys cbs enniscorthy,63560T,Dream Space Academy for Post-Primary,2025-02-26 09:30:00,26/02/2025 12:30,st marys cbs enniscorthy,2025,,
coláiste naomh cormac,72520I,Dream Space Academy for Post-Primary,2025-02-26 13:30:00,26/02/2025 16:30,coláiste naomh cormac,2025,Offaly,N
ellenfield community college,70321P,Dream Space Academy for Post-Primary,2025-02-27 09:30:00,27/02/2025 12:30,ellenfield community college,2025,Dublin,Y
st fergals college,71520D,Dream Space Academy for Post-Primary,2025-02-27 13:30:00,27/02/2025 16:30,st fergals college,2025,Laois,N
pobalscoil neasáin,91342R,Dream Space Academy for Post-Primary,2025-02-28 09:30:00,28/02/2025 12:30,pobalscoil neasáin,2025,Dublin,N
kinsale community school,91499E,Dream Space Academy for Post-Primary,2025-02-28 13:30:00,28/02/2025 16:30,kinsale community school,2025,Cork,N
scoil mhuire,65280A,Dream Space Academy for Post-Primary,2025-03-06 09:30:00,06/03/2025 12:30,scoil mhuire,2025,,
scoil mhuire,65280A,Dream Space Academy for Post-Primary,2025-03-06 09:30:00,06/03/2025 12:30,scoil mhuire,2025,,
scoil mhuire,65280A,Dream Space Academy for Post-Primary,2025-03-06 09:30:00,06/03/2025 12:30,scoil mhuire,2025,,
scoil mhuire,65280A,Dream Space Academy for Post-Primary,2025-03-06 09:30:00,06/03/2025 12:30,scoil mhuire,2025,,
scoil mhuire,65280A,Dream Space Academy for Post-Primary,2025-03-06 09:30:00,06/03/2025 12:30,scoil mhuire,2025,,
scoil mhuire,65280A,Dream Space Academy for Post-Primary,2025-03-06 09:30:00,06/03/2025 12:30,scoil mhuire,2025,,
scoil mhuire,65280A,Dream Space Academy for Post-Primary,2025-03-06 09:30:00,06/03/2025 12:30,scoil mhuire,2025,,
scoil mhuire,65280A,Dream Space Academy for Post-Primary,2025-03-06 09:30:00,06/03/2025 12:30,scoil mhuire,2025,,
scoil mhuire,65280A,Dream Space Academy for Post-Primary,2025-03-06 09:30:00,06/03/2025 12:30,scoil mhuire,2025,,
scoil mhuire,65280A,Dream Space Academy for Post-Primary,2025-03-06 09:30:00,06/03/2025 12:30,scoil mhuire,2025,,
scoil mhuire,65280A,Dream Space Academy for Post-Primary,2025-03-06 09:30:00,06/03/2025 12:30,scoil mhuire,2025,,
scoil mhuire,65280A,Dream Space Academy for Post-Primary,2025-03-06 09:30:00,06/03/2025 12:30,scoil mhuire,2025,,
scoil mhuire,65280A,Dream Space Academy for Post-Primary,2025-03-06 09:30:00,06/03/2025 12:30,scoil mhuire,2025,,
scoil mhuire,65280A,Dream Space Academy for Post-Primary,2025-03-06 09:30:00,06/03/2025 12:30,scoil mhuire,2025,,
scoil mhuire,65280A,Dream Space Academy for Post-Primary,2025-03-06 09:30:00,06/03/2025 12:30,scoil mhuire,2025,,
scoil mhuire,65280A,Dream Space Academy for Post-Primary,2025-03-06 09:30:00,06/03/2025 12:30,scoil mhuire,2025,,
scoil mhuire,65280A,Dream Space Academy for Post-Primary,2025-03-06 09:30:00,06/03/2025 12:30,scoil mhuire,2025,,
scoil mhuire,65280A,Dream Space Academy for Post-Primary,2025-03-06 09:30:00,06/03/2025 12:30,scoil mhuire,2025,,
scoil mhuire,65280A,Dream Space Academy for Post-Primary,2025-03-06 09:30:00,06/03/2025 12:30,scoil mhuire,2025,,
scoil mhuire,65280A,Dream Space Academy for Post-Primary,2025-03-06 09:30:00,06/03/2025 12:30,scoil mhuire,2025,,
scoil mhuire,65280A,Dream Space Academy for Post-Primary,2025-03-06 09:30:00,06/03/2025 12:30,scoil mhuire,2025,,
scoil mhuire,65280A,Dream Space Academy for Post-Primary,2025-03-06 09:30:00,06/03/2025 12:30,scoil mhuire,2025,,
scoil mhuire,65280A,Dream Space Academy for Post-Primary,2025-03-06 09:30:00,06/03/2025 12:30,scoil mhuire,2025,,
scoil mhuire,65280A,Dream Space Academy for Post-Primary,2025-03-06 09:30:00,06/03/2025 12:30,scoil mhuire,2025,,
scoil mhuire,65280A,Dream Space Academy for Post-Primary,2025-03-06 09:30:00,06/03/2025 12:30,scoil mhuire,2025,,
scoil mhuire,65280A,Dream Space Academy for Post-Primary,2025-03-06 09:30:00,06/03/2025 12:30,scoil mhuire,2025,,
scoil mhuire,65280A,Dream Space Academy for Post-Primary,2025-03-06 09:30:00,06/03/2025 12:30,scoil mhuire,2025,,
scoil mhuire,65280A,Dream Space Academy for Post-Primary,2025-03-06 09:30:00,06/03/2025 12:30,scoil mhuire,2025,,
scoil mhuire,65280A,Dream Space Academy for Post-Primary,2025-03-06 09:30:00,06/03/2025 12:30,scoil mhuire,2025,,
scoil mhuire,65280A,Dream Space Academy for Post-Primary,2025-03-06 09:30:00,06/03/2025 12:30,scoil mhuire,2025,,
scoil mhuire,65280A,Dream Space Academy for Post-Primary,2025-03-06 09:30:00,06/03/2025 12:30,scoil mhuire,2025,,
scoil mhuire,65280A,Dream Space Academy for Post-Primary,2025-03-06 09:30:00,06/03/2025 12:30,scoil mhuire,2025,,
scoil mhuire,65280A,Dream Space Academy for Post-Primary,2025-03-06 09:30:00,06/03/2025 12:30,scoil mhuire,2025,,
scoil mhuire,65280A,Dream Space Academy for Post-Primary,2025-03-06 09:30:00,06/03/2025 12:30,scoil mhuire,2025,,
scoil mhuire,65280A,Dream Space Academy for Post-Primary,2025-03-06 09:30:00,06/03/2025 12:30,scoil mhuire,2025,,
scoil mhuire,65280A,Dream Space Academy for Post-Primary,2025-03-06 09:30:00,06/03/2025 12:30,scoil mhuire,2025,,
scoil mhuire,65280A,Dream Space Academy for Post-Primary,2025-03-06 09:30:00,06/03/2025 12:30,scoil mhuire,2025,,
scoil mhuire,65280A,Dream Space Academy for Post-Primary,2025-03-06 09:30:00,06/03/2025 12:30,scoil mhuire,2025,,
scoil mhuire,65280A,Dream Space Academy for Post-Primary,2025-03-06 09:30:00,06/03/2025 12:30,scoil mhuire,2025,,
scoil mhuire,65280A,Dream Space Academy for Post-Primary,2025-03-06 09:30:00,06/03/2025 12:30,scoil mhuire,2025,,
scoil mhuire,65280A,Dream Space Academy for Post-Primary,2025-03-06 09:30:00,06/03/2025 12:30,scoil mhuire,2025,,
scoil mhuire,65280A,Dream Space Academy for Post-Primary,2025-03-06 09:30:00,06/03/2025 12:30,scoil mhuire,2025,,
scoil mhuire,65280A,Dream Space Academy for Post-Primary,2025-03-06 09:30:00,06/03/2025 12:30,scoil mhuire,2025,,
scoil mhuire,65280A,Dream Space Academy for Post-Primary,2025-03-06 09:30:00,06/03/2025 12:30,scoil mhuire,2025,,
scoil mhuire,65280A,Dream Space Academy for Post-Primary,2025-03-06 09:30:00,06/03/2025 12:30,scoil mhuire,2025,,
scoil mhuire,65280A,Dream Space Academy for Post-Primary,2025-03-06 09:30:00,06/03/2025 12:30,scoil mhuire,2025,,
scoil mhuire,65280A,Dream Space Academy for Post-Primary,2025-03-06 09:30:00,06/03/2025 12:30,scoil mhuire,2025,,
scoil mhuire,65280A,Dream Space Academy for Post-Primary,2025-03-06 09:30:00,06/03/2025 12:30,scoil mhuire,2025,,
scoil mhuire,65280A,Dream Space Academy for Post-Primary,2025-03-06 09:30:00,06/03/2025 12:30,scoil mhuire,2025,,
scoil mhuire,65280A,Dream Space Academy for Post-Primary,2025-03-06 09:30:00,06/03/2025 12:30,scoil mhuire,2025,,
scoil mhuire,65280A,Dream Space Academy for Post-Primary,2025-03-06 09:30:00,06/03/2025 12:30,scoil mhuire,2025,,
scoil mhuire,65280A,Dream Space Academy for Post-Primary,2025-03-06 09:30:00,06/03/2025 12:30,scoil mhuire,2025,,
scoil mhuire,65280A,Dream Space Academy for Post-Primary,2025-03-06 09:30:00,06/03/2025 12:30,scoil mhuire,2025,,
scoil mhuire,65280A,Dream Space Academy for Post-Primary,2025-03-06 09:30:00,06/03/2025 12:30,scoil mhuire,2025,,
presentation secondary school clonmel,65340P,Dream Space Academy for Post-Primary,2025-03-06 13:30:00,06/03/2025 16:30,presentation secondary school clonmel,2025,,
scoil mhichil naofa,18288B,Dream Space Academy for Primary,2025-03-07 10:00:00,07/03/2025 13:00,scoil mhichil naofa,2025,Kildare,Y
scoil mhichil naofa,18288B,Dream Space Academy for Primary,2025-03-07 10:00:00,07/03/2025 13:00,scoil mhichil naofa,2025,Kildare,Y
st kilians german school,60630W,Dream Space Academy for Post-Primary,2025-03-13 09:30:00,13/03/2025 12:30,st kilians german school,2025,Dublin,N
ballinrobe community school,91462E,Dream Space Academy for Post-Primary,2025-03-13 13:30:00,13/03/2025 16:30,ballinrobe community school,2025,Mayo,N
owenbeg ns,03924S,Dream Space Academy for Primary,2025-03-14 10:00:00,14/03/2025 13:00,owenbeg ns,2025,Sligo,Y
school backfill,78908W,Dream Space Academy for Post-Primary,2025-03-21 09:30:00,21/03/2025 12:30,school backfill,2025,,
newpark school,81001I,Dream Space Academy for Post-Primary,2025-03-21 13:30:00,21/03/2025 16:30,newpark school,2025,Dublin,N
gaelscoil an mhuilinn,20002P,Dream Space Academy for Primary,2025-03-24 10:00:00,24/03/2025 13:00,gaelscoil an mhuilinn,2025,Westmeath,N
loreto swords,60810B,Dream Space Academy for Post-Primary,2025-03-25 09:30:00,25/03/2025 12:30,loreto swords,2025,,
errigal college,71200I,Dream Space Academy for Post-Primary,2025-03-25 13:30:00,25/03/2025 16:30,errigal college,2025,Donegal,Y
scoil cholmcille sns,19438W,Dream Space Academy for Primary,2025-03-26 10:00:00,26/03/2025 13:00,scoil cholmcille sns,2025,Dublin,Y
scoil chiaráin cbs,17732M,Dream Space Academy for Primary,2025-03-27 10:00:00,27/03/2025 13:00,scoil chiaráin cbs,2025,Dublin,Y
st georges ns,15315J,Dream Space Academy for Primary,2025-04-02 10:00:00,02/04/2025 13:00,st georges ns,2025,Dublin,N
st peters n.s,20091R,Dream Space Academy for Primary,2025-04-02 10:00:00,02/04/2025 13:00,st peters n.s,2025,Dublin,Y
scoil chriost ri,63451O,Dream Space Academy for Post-Primary,2025-04-03 09:30:00,03/04/2025 12:30,scoil chriost ri,2025,Laois,N
scoil chriost ri,63451O,Dream Space Academy for Post-Primary,2025-04-03 09:30:00,03/04/2025 12:30,scoil chriost ri,2025,Laois,N
our lady’s school,60860Q,Dream Space Academy for Post-Primary,2025-04-03 13:30:00,03/04/2025 16:30,our lady’s school,2025,Dublin,N
scoil ghormain naofa,17768K,Dream Space Academy for Primary,2025-04-04 10:00:00,04/04/2025 13:00,scoil ghormain naofa,2025,Wexford,N
canal way backfill,5890E,Dream Space Academy for Post-Primary,2025-04-28 09:30:00,28/04/2025 12:30,canal way backfill,2025,,
comeragh college,72400V,Dream Space Academy for Post-Primary,2025-04-28 13:30:00,28/04/2025 16:30,comeragh college,2025,Tipperary,Y
st. aidans comprehensive,81005Q0,Dream Space Academy for Post-Primary,2025-05-01 09:30:00,01/05/2025 12:30,st. aidans comprehensive,2025,,
ld hold,569,Dream Space Academy for Post-Primary,2025-05-01 13:30:00,01/05/2025 16:30,ld hold,2025,,
st.pauls secondary school oughterard,63101K,Dream Space Academy for Post-Primary,2025-05-06 09:30:00,06/05/2025 12:30,st.pauls secondary school oughterard,2025,Galway,N
scariff community college,70900I,Dream Space Academy for Post-Primary,2025-05-06 13:30:00,06/05/2025 16:30,scariff community college,2025,Clare,N
scoil ghráinne cns,20247W,Dream Space Academy for Primary,2025-05-26 10:00:00,26/05/2025 13:00,scoil ghráinne cns,2025,Dublin,N
st. olafs n.s balally dundrum dublin 16,19319O,Dream Space Academy for Primary,2025-05-27 10:00:00,27/05/2025 13:00,st. olafs n.s balally dundrum dublin 16,2025,Dublin,N
holy trinity,20190T,Dream Space Academy for Primary,2025-05-29 10:00:00,29/05/2025 13:00,holy trinity,2025,Dublin,N
central model senior school,00752A,Dream Space Academy for Primary,2025-05-30 10:00:00,30/05/2025 13:00,central model senior school,2025,Dublin,Y
kilmurry national school,17972J,Dream Space Academy for Primary,2025-06-02 10:00:00,02/06/2025 13:00,kilmurry national school,2025,Cork,N
killeen ns,13665D,Dream Space Academy for Primary,2025-06-03 10:00:00,03/06/2025 13:00,killeen ns,2025,Galway,N
presentation senior school,18212O,Dream Space Academy for Primary,2025-06-04 10:00:00,04/06/2025 13:00,presentation senior school,2025,Westmeath,Y
réalt na mara gns,18767N,Dream Space Academy for Primary,2025-06-06 10:00:00,06/06/2025 13:00,réalt na mara gns,2025,Meath,N
